family	metadata_scope	selected_captures	disposition	card
20260610_182152_465478	complete	1	selected report content indexed; scientific interpretation pending except linked code/domain cards	None
20260611_063408_954108	complete	1	selected report content indexed; scientific interpretation pending except linked code/domain cards	None
20260611_064030_257190	complete	1	selected report content indexed; scientific interpretation pending except linked code/domain cards	None
20260611_070339_787671	complete	1	selected report content indexed; scientific interpretation pending except linked code/domain cards	None
20260611_070758_903937	complete	1	selected report content indexed; scientific interpretation pending except linked code/domain cards	None
20260611_071446_695013	complete	1	selected report content indexed; scientific interpretation pending except linked code/domain cards	None
20260611_072500_651949	complete	1	selected report content indexed; scientific interpretation pending except linked code/domain cards	None
20260611_073539_382810	complete	1	selected report content indexed; scientific interpretation pending except linked code/domain cards	None
20260611_074329_655909	complete	1	selected report content indexed; scientific interpretation pending except linked code/domain cards	None
20260611_074846_407715	complete	1	selected report content indexed; scientific interpretation pending except linked code/domain cards	None
20260629_102126_823233	complete	1	selected report content indexed; scientific interpretation pending except linked code/domain cards	None
20260702_123203_610276	complete	1	selected report content indexed; scientific interpretation pending except linked code/domain cards	None
20260706_155406_352230	complete	1	selected report content indexed; scientific interpretation pending except linked code/domain cards	None
20260707_132400_690120	complete	1	selected report content indexed; scientific interpretation pending except linked code/domain cards	None
20260707_132621_666693	complete	1	selected report content indexed; scientific interpretation pending except linked code/domain cards	None
20260707_132855_342866	complete	1	selected report content indexed; scientific interpretation pending except linked code/domain cards	None
20260708_090746_135641	complete	1	selected report content indexed; scientific interpretation pending except linked code/domain cards	None
20260708_093710_385853	complete	1	selected report content indexed; scientific interpretation pending except linked code/domain cards	None
20260708_100043_225774	complete	1	selected report content indexed; scientific interpretation pending except linked code/domain cards	None
20260708_100957_830172	complete	1	selected report content indexed; scientific interpretation pending except linked code/domain cards	None
20260708_132647_263803	complete	1	selected report content indexed; scientific interpretation pending except linked code/domain cards	None
20260708_173710_383144	complete	1	selected report content indexed; scientific interpretation pending except linked code/domain cards	None
20260708_203613_869715	complete	1	selected report content indexed; scientific interpretation pending except linked code/domain cards	None
20260709_135812_030590	complete	0	metadata only; scientific pending	None
20260709_135817_483291	complete	0	metadata only; scientific pending	None
20260709_135849_833866	complete	0	metadata only; scientific pending	None
20260709_135858_758466	complete	0	metadata only; scientific pending	None
20260709_135902_363109	complete	0	metadata only; scientific pending	None
20260709_135917_403530	complete	0	metadata only; scientific pending	None
20260709_135934_885972	complete	0	metadata only; scientific pending	None
20260709_135936_849507	complete	0	metadata only; scientific pending	None
20260709_135941_170073	complete	0	metadata only; scientific pending	None
20260709_140003_131496	complete	0	metadata only; scientific pending	None
20260709_140013_393618	complete	0	metadata only; scientific pending	None
20260709_140057_717385	complete	0	metadata only; scientific pending	None
20260709_140131_521431	complete	0	metadata only; scientific pending	None
20260709_140134_315512	complete	0	metadata only; scientific pending	None
20260709_140137_930830	complete	0	metadata only; scientific pending	None
20260709_140438_726527	complete	0	metadata only; scientific pending	None
20260709_140440_358966	complete	0	metadata only; scientific pending	None
20260709_140445_646204	complete	0	metadata only; scientific pending	None
20260709_140454_826506	complete	0	metadata only; scientific pending	None
20260709_140517_858023	complete	0	metadata only; scientific pending	None
20260709_140523_082665	complete	0	metadata only; scientific pending	None
20260709_140525_623721	complete	0	metadata only; scientific pending	None
20260709_140533_648657	complete	0	metadata only; scientific pending	None
20260709_140556_194039	complete	0	metadata only; scientific pending	None
20260709_140557_650753	complete	0	metadata only; scientific pending	None
20260709_140559_984492	complete	0	metadata only; scientific pending	None
20260709_140637_827891	complete	0	metadata only; scientific pending	None
20260709_140646_199495	complete	0	metadata only; scientific pending	None
20260709_140713_605774	complete	0	metadata only; scientific pending	None
20260709_140716_078258	complete	0	metadata only; scientific pending	None
20260709_140832_616572	complete	0	metadata only; scientific pending	None
20260709_141028_265191	complete	0	metadata only; scientific pending	None
20260709_141029_735231	complete	0	metadata only; scientific pending	None
20260709_141048_149913	complete	0	metadata only; scientific pending	None
20260709_141107_757768	complete	0	metadata only; scientific pending	None
20260709_141111_140566	complete	0	metadata only; scientific pending	None
20260709_141124_473371	complete	0	metadata only; scientific pending	None
20260709_141141_724581	complete	0	metadata only; scientific pending	None
20260709_141144_124079	complete	0	metadata only; scientific pending	None
20260709_141146_381828	complete	0	metadata only; scientific pending	None
20260709_141150_360044	complete	0	metadata only; scientific pending	None
20260709_141154_749555	complete	0	metadata only; scientific pending	None
20260709_141233_833703	complete	0	metadata only; scientific pending	None
20260709_141302_448442	complete	0	metadata only; scientific pending	None
20260709_141305_468581	complete	0	metadata only; scientific pending	None
20260709_141309_184295	complete	0	metadata only; scientific pending	None
20260709_141414_625083	complete	1	selected report content indexed; scientific interpretation pending except linked code/domain cards	None
20260709_150929_285546	complete	1	selected report content indexed; scientific interpretation pending except linked code/domain cards	None
20260709_221319_778070	complete	1	selected report content indexed; scientific interpretation pending except linked code/domain cards	None
20260709_221714_389957	complete	1	selected report content indexed; scientific interpretation pending except linked code/domain cards	None
20260710_073413_862055	complete	1	selected report content indexed; scientific interpretation pending except linked code/domain cards	None
20260710_073844_816285	complete	1	selected report content indexed; scientific interpretation pending except linked code/domain cards	None
20260710_074235_874342	complete	1	selected report content indexed; scientific interpretation pending except linked code/domain cards	None
20260710_080529_146352	complete	1	selected report content indexed; scientific interpretation pending except linked code/domain cards	None
20260710_121416_601979	complete	1	selected report content indexed; scientific interpretation pending except linked code/domain cards	None
20260710_124449_288300	complete	1	selected report content indexed; scientific interpretation pending except linked code/domain cards	None
20260710_133850_259669	complete	1	selected report content indexed; scientific interpretation pending except linked code/domain cards	None
20260710_140638_567946	complete	1	selected report content indexed; scientific interpretation pending except linked code/domain cards	None
20260710_144136_542639	complete	1	selected report content indexed; scientific interpretation pending except linked code/domain cards	None
20260710_151054_636710	complete	1	selected report content indexed; scientific interpretation pending except linked code/domain cards	None
20260710_154141_878240	complete	1	selected report content indexed; scientific interpretation pending except linked code/domain cards	None
20260710_201524_487050	complete	1	selected report content indexed; scientific interpretation pending except linked code/domain cards	None
20260710_204642_966849	complete	1	selected report content indexed; scientific interpretation pending except linked code/domain cards	None
20260710_211734_419673	complete	1	selected report content indexed; scientific interpretation pending except linked code/domain cards	None
20260710_214746_004819	complete	1	selected report content indexed; scientific interpretation pending except linked code/domain cards	None
20260710_221738_093060	complete	1	selected report content indexed; scientific interpretation pending except linked code/domain cards	None
20260710_224741_408520	complete	1	selected report content indexed; scientific interpretation pending except linked code/domain cards	None
20260710_231604_564889	complete	1	selected report content indexed; scientific interpretation pending except linked code/domain cards	None
20260710_234603_892275	complete	1	selected report content indexed; scientific interpretation pending except linked code/domain cards	None
20260711_061829_768133	complete	0	metadata only; scientific pending	None
20260711_223255_853536	complete	1	selected report content indexed; scientific interpretation pending except linked code/domain cards	None
20260711_230408_402989	complete	1	selected report content indexed; scientific interpretation pending except linked code/domain cards	None
20260711_233142_535554	complete	1	selected report content indexed; scientific interpretation pending except linked code/domain cards	None
20260711_235921_644810	complete	1	selected report content indexed; scientific interpretation pending except linked code/domain cards	None
20260712_002806_564661	complete	1	selected report content indexed; scientific interpretation pending except linked code/domain cards	None
20260712_005716_569644	complete	1	selected report content indexed; scientific interpretation pending except linked code/domain cards	None
benchmarks	complete	24	selected report content indexed; scientific interpretation pending except linked code/domain cards	None
bp12-baselines	complete	1	selected report content indexed; scientific interpretation pending except linked code/domain cards	None
bp12-clip-roster	complete	2	selected report content indexed; scientific interpretation pending except linked code/domain cards	None
bp12-clip-roster.log	complete	0	metadata only; scientific pending	None
bp12-cross-appearance-prediction.txt	complete	0	metadata only; scientific pending	None
bp12-cross-appearance.log	complete	0	metadata only; scientific pending	None
bp12-cross-smoke	complete	0	metadata only; scientific pending	None
bp13-headroom	complete	1	selected report content indexed; scientific interpretation pending except linked code/domain cards	None
bp17-caption	complete	2	selected report content indexed; scientific interpretation pending except linked code/domain cards	None
bp18-reid-bounds.txt	complete	0	metadata only; scientific pending	None
bp18-reid-calibration.txt	complete	0	metadata only; scientific pending	None
bp19-conditioning	complete	2	selected report content indexed; scientific interpretation pending except linked code/domain cards	None
bp19-multi-controlnet	complete	1	selected report content indexed; scientific interpretation pending except linked code/domain cards	None
bp19-multi-controlnet-missing-dir	complete	1	selected report content indexed; scientific interpretation pending except linked code/domain cards	None
bp20-headroom	complete	1	selected report content indexed; scientific interpretation pending except linked code/domain cards	None
bp21-headroom	complete	2	campaign subset substantively reviewed; other artifacts remain scientific pending	legacy.md#bp21
bp21-vvc-shards	complete	0	metadata only; scientific pending	None
bp22-cull	complete	0	metadata only; scientific pending	None
bp23-tier	complete	3	selected report content indexed; scientific interpretation pending except linked code/domain cards	None
bp24-encoder	complete	1	selected report content indexed; scientific interpretation pending except linked code/domain cards	None
bp24-ladder	complete	16	campaign subset substantively reviewed; other artifacts remain scientific pending	legacy.md#bp24
bp25-ip-adapter	complete	2	selected report content indexed; scientific interpretation pending except linked code/domain cards	None
bp26-config	complete	1	selected report content indexed; scientific interpretation pending except linked code/domain cards	None
bp27-metrics	complete	0	metadata only; scientific pending	None
bp29-intra-sidecar	complete	1	selected report content indexed; scientific interpretation pending except linked code/domain cards	None
bp29-low-rate	complete	1	selected report content indexed; scientific interpretation pending except linked code/domain cards	None
bp29-panorama	complete	2	campaign subset substantively reviewed; other artifacts remain scientific pending	legacy.md#registered-background
bp29-plate-codec	complete	1	selected report content indexed; scientific interpretation pending except linked code/domain cards	None
bp30-background	complete	1	selected report content indexed; scientific interpretation pending except linked code/domain cards	None
bp31-ladder	complete	16	campaign subset substantively reviewed; other artifacts remain scientific pending	legacy.md#bp31
bp44-canonical-canvas	complete	1	selected report content indexed; scientific interpretation pending except linked code/domain cards	None
bp45-low-rate	complete	2	selected report content indexed; scientific interpretation pending except linked code/domain cards	None
bp46-long-scenes	complete_with_pruned_media_dirs	0	metadata only; scientific pending	None
bp47-e1-preflight	complete	1	selected report content indexed; scientific interpretation pending except linked code/domain cards	None
bp49-native-recovery	complete	1	selected report content indexed; scientific interpretation pending except linked code/domain cards	None
bp52-background-crf	complete	1	selected report content indexed; scientific interpretation pending except linked code/domain cards	None
bp53-background-scale	complete	1	selected report content indexed; scientific interpretation pending except linked code/domain cards	None
bp56-background-effort	complete	1	selected report content indexed; scientific interpretation pending except linked code/domain cards	None
campaign	complete_with_pruned_media_dirs	0	metadata only; scientific pending	None
codec_baselines	complete	6	selected report content indexed; scientific interpretation pending except linked code/domain cards	None
debug_align	complete	0	metadata only; scientific pending	None
development-recovery	complete_with_pruned_media_dirs	19	selected report content indexed; scientific interpretation pending except linked code/domain cards	None
evaluation-20260914	complete	27	E04/E05/E06 targeted campaign reports directly reviewed; all other artifacts remain scientific pending	modern.md
evaluation-campaign	complete	0	metadata only; scientific pending	None
gate-a-long-context-n48	complete	1	selected report content indexed; scientific interpretation pending except linked code/domain cards	None
gate-a-vvc-webp-n48	complete	1	selected report content indexed; scientific interpretation pending except linked code/domain cards	None
gate-a-vvc-webp-n96	complete	1	selected report content indexed; scientific interpretation pending except linked code/domain cards	None
gate-a-vvc-webp-n96-dryrun	complete	1	selected report content indexed; scientific interpretation pending except linked code/domain cards	None
gate-a-vvc-webp-n96-run2	complete	2	campaign subset substantively reviewed; other artifacts remain scientific pending	legacy.md#gate-a
gate-b-confirmation	complete_with_pruned_media_dirs	3	campaign subset substantively reviewed; other artifacts remain scientific pending	legacy.md#gate-b
hnerv_baseline_high_cap	complete	1	selected report content indexed; scientific interpretation pending except linked code/domain cards	None
hnerv_smoke	complete	2	campaign subset substantively reviewed; other artifacts remain scientific pending	legacy.md#legacy-residual-and-hnerv
hnerv_vod_sweep	complete	0	metadata only; scientific pending	None
hnerv_vod_sweep_short	complete	2	campaign subset substantively reviewed; other artifacts remain scientific pending	legacy.md#legacy-residual-and-hnerv
hnerv_wrc_phase1	complete	10	campaign subset substantively reviewed; other artifacts remain scientific pending	legacy.md#legacy-residual-and-hnerv
image-codec-probe	complete	0	metadata only; scientific pending	None
inference_smoke	complete	0	metadata only; scientific pending	None
journal-20260924	complete	14	campaign subset substantively reviewed; other artifacts remain scientific pending	modern.md
journal-20260925	complete	26	campaign subset substantively reviewed; other artifacts remain scientific pending	modern.md
journal-20260926	complete	6	campaign subset substantively reviewed; other artifacts remain scientific pending	modern.md
modular	complete_with_pruned_media_dirs	11	campaign subset substantively reviewed; other artifacts remain scientific pending	modern.md
roi_verification	complete	0	metadata only; scientific pending	None
sam31-quality-existing-smoke-v2-20260927-r2	complete	0	metadata only; scientific pending	None
sam31-quality-existing-smoke-v2-20260927-r3	complete	0	metadata only; scientific pending	None
sam31-quality-existing-smoke-v2-20260927-r4	complete	0	metadata only; scientific pending	None
sam31-quality-existing-smoke-v3-20260927	complete	0	metadata only; scientific pending	None
sam31-quality-existing-smoke-v5-20260927	complete	0	metadata only; scientific pending	None
sam31-quality-existing-smoke-v6-20260927	complete	0	metadata only; scientific pending	None
sam31-quality-existing-v2-20260927-full	complete	0	metadata only; scientific pending	None
sam31-quality-existing-v2-20260927-full-r6	complete	0	metadata only; scientific pending	None
sam31-quality-existing-v2-20260927-full-r7	complete_with_pruned_media_dirs	0	metadata only; scientific pending	None
sam31-quality-existing-v3-guidance-validation-20260928	complete	0	metadata only; scientific pending	None
sam31-quality-existing-v3-point-guided-20260928-full	complete_with_pruned_media_dirs	0	metadata only; scientific pending	None
sam31-quality-existing-v4-framewise-20260928-full	complete_with_pruned_media_dirs	0	metadata only; scientific pending	None
sam31-quality-existing-v4-framewise-smoke-20260928	complete	0	metadata only; scientific pending	None
sam31-quality-gpu1-sdpa-smoke-20260928	complete	0	metadata only; scientific pending	None
sam31-quality-gpu1-sdpa-smoke-r2-20260928	complete	0	metadata only; scientific pending	None
sam31-unification	complete_with_pruned_media_dirs	19	campaign subset substantively reviewed; other artifacts remain scientific pending	modern.md
tests	complete_with_pruned_media_dirs	0	metadata only; scientific pending	None
video-codec-probe	complete	0	metadata only; scientific pending	None
