family	kind	stage_hint	root_kind	root_mtime_ns	depth4_entries	depth4_files	depth4_file_bytes	depth4_dirs	depth4_symlinks	recursive_status	recursive_files_counted	recursive_file_bytes_counted	recursive_dirs_counted	recursive_symlinks	recursive_errors	candidate_count	root_files	representative_artifacts	pruned_dirs
20260610_182152_465478	timestamp_run	early PointStream packet/transport run outputs	dir	1784749589580465222	25	18	84262194	7	0	complete	138	338495752	36	0	0	2	[]	"[""20260610_182152_465478/run_summary.json"",""20260610_182152_465478/chunk_0001/metadata.msgpack""]"	[]
20260611_063408_954108	timestamp_run	early PointStream packet/transport run outputs	dir	1784749589587465301	25	18	84257752	7	0	complete	138	338454904	36	0	0	2	[]	"[""20260611_063408_954108/run_summary.json"",""20260611_063408_954108/chunk_0001/metadata.msgpack""]"	[]
20260611_064030_257190	timestamp_run	early PointStream packet/transport run outputs	dir	1784749589593465368	75	68	516555285	7	0	complete	788	1901052571	186	0	0	2	[]	"[""20260611_064030_257190/run_summary.json"",""20260611_064030_257190/chunk_0001/metadata.msgpack""]"	[]
20260611_070339_787671	timestamp_run	early PointStream packet/transport run outputs	dir	1784749589601465459	75	68	516556990	7	0	complete	788	1901054276	186	0	0	2	[]	"[""20260611_070339_787671/run_summary.json"",""20260611_070339_787671/chunk_0001/metadata.msgpack""]"	[]
20260611_070758_903937	timestamp_run	early PointStream packet/transport run outputs	dir	1784749589607465526	75	68	516556976	7	0	complete	788	1901054262	186	0	0	2	[]	"[""20260611_070758_903937/run_summary.json"",""20260611_070758_903937/chunk_0001/metadata.msgpack""]"	[]
20260611_071446_695013	timestamp_run	early PointStream packet/transport run outputs	dir	1784749589613465594	75	68	516556018	7	0	complete	788	1901053304	186	0	0	2	[]	"[""20260611_071446_695013/run_summary.json"",""20260611_071446_695013/chunk_0001/metadata.msgpack""]"	[]
20260611_072500_651949	timestamp_run	early PointStream packet/transport run outputs	dir	1784749589620465672	75	68	516556263	7	0	complete	788	1901053549	186	0	0	2	[]	"[""20260611_072500_651949/run_summary.json"",""20260611_072500_651949/chunk_0001/metadata.msgpack""]"	[]
20260611_073539_382810	timestamp_run	early PointStream packet/transport run outputs	dir	1784749589627465751	75	68	516556435	7	0	complete	788	1901053721	186	0	0	2	[]	"[""20260611_073539_382810/run_summary.json"",""20260611_073539_382810/chunk_0001/metadata.msgpack""]"	[]
20260611_074329_655909	timestamp_run	early PointStream packet/transport run outputs	dir	1784749589633465819	75	68	516556336	7	0	complete	788	1901053622	186	0	0	2	[]	"[""20260611_074329_655909/run_summary.json"",""20260611_074329_655909/chunk_0001/metadata.msgpack""]"	[]
20260611_074846_407715	timestamp_run	early PointStream packet/transport run outputs	dir	1784749589640465898	75	68	516556340	7	0	complete	788	1901053626	186	0	0	2	[]	"[""20260611_074846_407715/run_summary.json"",""20260611_074846_407715/chunk_0001/metadata.msgpack""]"	[]
20260629_102126_823233	timestamp_run	early PointStream packet/transport run outputs	dir	1784749589648465988	263	256	2134641294	7	0	complete	3232	7555375483	750	0	0	2	[]	"[""20260629_102126_823233/run_summary.json"",""20260629_102126_823233/chunk_0001/metadata.msgpack""]"	[]
20260702_123203_610276	timestamp_run	timestamped PointStream run output	dir	1784749589655466067	25	18	50157693	7	0	complete	138	225033165	36	0	0	2	[]	"[""20260702_123203_610276/run_summary.json"",""20260702_123203_610276/chunk_0001/metadata.msgpack""]"	[]
20260706_155406_352230	timestamp_run	timestamped PointStream run output	dir	1784749589662466145	25	18	50080509	7	0	complete	138	224659514	36	0	0	2	[]	"[""20260706_155406_352230/run_summary.json"",""20260706_155406_352230/chunk_0001/metadata.msgpack""]"	[]
20260707_132400_690120	timestamp_run	timestamped PointStream run output	dir	1784749589669466224	25	18	50080508	7	0	complete	138	224659513	36	0	0	2	[]	"[""20260707_132400_690120/run_summary.json"",""20260707_132400_690120/chunk_0001/metadata.msgpack""]"	[]
20260707_132621_666693	timestamp_run	timestamped PointStream run output	dir	1784749589676466303	25	18	49825971	7	0	complete	138	224014533	36	0	0	2	[]	"[""20260707_132621_666693/run_summary.json"",""20260707_132621_666693/chunk_0001/metadata.msgpack""]"	[]
20260707_132855_342866	timestamp_run	timestamped PointStream run output	dir	1784749589682466370	25	18	49888774	7	0	complete	138	224087271	36	0	0	2	[]	"[""20260707_132855_342866/run_summary.json"",""20260707_132855_342866/chunk_0001/metadata.msgpack""]"	[]
20260708_090746_135641	timestamp_run	timestamped PointStream run output	dir	1784749589689466449	25	18	51042647	7	0	complete	138	227494774	36	0	0	2	[]	"[""20260708_090746_135641/run_summary.json"",""20260708_090746_135641/chunk_0001/metadata.msgpack""]"	[]
20260708_093710_385853	timestamp_run	timestamped PointStream run output	dir	1784749589695466517	25	18	50905376	7	0	complete	138	226940212	36	0	0	2	[]	"[""20260708_093710_385853/run_summary.json"",""20260708_093710_385853/chunk_0001/metadata.msgpack""]"	[]
20260708_100043_225774	timestamp_run	timestamped PointStream run output	dir	1784749589704466618	25	18	50905385	7	0	complete	178	230113880	36	0	0	2	[]	"[""20260708_100043_225774/run_summary.json"",""20260708_100043_225774/chunk_0001/metadata.msgpack""]"	[]
20260708_100957_830172	timestamp_run	timestamped PointStream run output	dir	1784749589712466708	25	18	50905384	7	0	complete	178	230113879	36	0	0	2	[]	"[""20260708_100957_830172/run_summary.json"",""20260708_100957_830172/chunk_0001/metadata.msgpack""]"	[]
20260708_132647_263803	timestamp_run	timestamped PointStream run output	dir	1784749589718466776	25	18	86539481	7	0	complete	178	354769051	36	0	0	2	[]	"[""20260708_132647_263803/run_summary.json"",""20260708_132647_263803/chunk_0001/metadata.msgpack""]"	[]
20260708_173710_383144	timestamp_run	timestamped PointStream run output	dir	1784749589724466843	25	18	85396155	7	0	complete	178	344514878	36	0	0	2	[]	"[""20260708_173710_383144/run_summary.json"",""20260708_173710_383144/chunk_0001/metadata.msgpack""]"	[]
20260708_203613_869715	timestamp_run	timestamped PointStream run output	dir	1784749589731466922	25	18	86299791	7	0	complete	178	349415281	36	0	0	2	[]	"[""20260708_203613_869715/run_summary.json"",""20260708_203613_869715/chunk_0001/metadata.msgpack""]"	[]
20260709_135812_030590	timestamp_run	timestamped PointStream debug/inference fragments; inspect file inventory/status before treating as a completed run	dir	1783605492031118047	3	1	723	2	0	complete	1	723	1	0	0	0	[]	[]	[]
20260709_135817_483291	timestamp_run	timestamped PointStream debug/inference fragments; inspect file inventory/status before treating as a completed run	dir	1783605497484179994	3	1	1007	2	0	complete	1	1007	1	0	0	0	[]	[]	[]
20260709_135849_833866	timestamp_run	timestamped PointStream debug/inference fragments; inspect file inventory/status before treating as a completed run	dir	1783605529838547536	3	1	4992	2	0	complete	1	4992	1	0	0	0	[]	[]	[]
20260709_135858_758466	timestamp_run	timestamped PointStream debug/inference fragments; inspect file inventory/status before treating as a completed run	dir	1783605538759648877	3	1	1711	2	0	complete	1	1711	1	0	0	0	[]	[]	[]
20260709_135902_363109	timestamp_run	timestamped PointStream debug/inference fragments; inspect file inventory/status before treating as a completed run	dir	1783605542567692136	3	1	9726	2	0	complete	1	9726	1	0	0	0	[]	[]	[]
20260709_135917_403530	timestamp_run	timestamped PointStream debug/inference fragments; inspect file inventory/status before treating as a completed run	dir	1783605557419860850	3	1	2428	2	0	complete	1	2428	1	0	0	0	[]	[]	[]
20260709_135934_885972	timestamp_run	timestamped PointStream debug/inference fragments; inspect file inventory/status before treating as a completed run	dir	1783605574886059257	3	1	2428	2	0	complete	1	2428	1	0	0	0	[]	[]	[]
20260709_135936_849507	timestamp_run	timestamped PointStream debug/inference fragments; inspect file inventory/status before treating as a completed run	dir	1783605576850081567	3	1	1408	2	0	complete	1	1408	1	0	0	0	[]	[]	[]
20260709_135941_170073	timestamp_run	timestamped PointStream debug/inference fragments; inspect file inventory/status before treating as a completed run	dir	1783605581522134638	34	31	142887	3	0	complete	31	142887	2	0	0	0	[]	[]	[]
20260709_140003_131496	timestamp_run	timestamped PointStream debug/inference fragments; inspect file inventory/status before treating as a completed run	dir	1783605603135380148	3	1	2442	2	0	complete	1	2442	1	0	0	0	[]	[]	[]
20260709_140013_393618	timestamp_run	timestamped PointStream debug/inference fragments; inspect file inventory/status before treating as a completed run	dir	1783605613394496682	3	1	2529	2	0	complete	1	2529	1	0	0	0	[]	[]	[]
20260709_140057_717385	timestamp_run	timestamped PointStream debug/inference fragments; inspect file inventory/status before treating as a completed run	dir	1783605657935002613	3	1	1523	2	0	complete	1	1523	1	0	0	0	[]	[]	[]
20260709_140131_521431	timestamp_run	timestamped PointStream debug/inference fragments; inspect file inventory/status before treating as a completed run	dir	1783605691522384115	3	1	2442	2	0	complete	1	2442	1	0	0	0	[]	[]	[]
20260709_140134_315512	timestamp_run	timestamped PointStream debug/inference fragments; inspect file inventory/status before treating as a completed run	dir	1783605694519418157	3	1	2263	2	0	complete	1	2263	1	0	0	0	[]	[]	[]
20260709_140137_930830	timestamp_run	timestamped PointStream debug/inference fragments; inspect file inventory/status before treating as a completed run	dir	1783605698233460342	3	1	2263	2	0	complete	1	2263	1	0	0	0	[]	[]	[]
20260709_140438_726527	timestamp_run	timestamped PointStream debug/inference fragments; inspect file inventory/status before treating as a completed run	dir	1783605878727510320	3	1	723	2	0	complete	1	723	1	0	0	0	[]	[]	[]
20260709_140440_358966	timestamp_run	timestamped PointStream debug/inference fragments; inspect file inventory/status before treating as a completed run	dir	1783605880359528854	3	1	1007	2	0	complete	1	1007	1	0	0	0	[]	[]	[]
20260709_140445_646204	timestamp_run	timestamped PointStream debug/inference fragments; inspect file inventory/status before treating as a completed run	dir	1783605885932592147	3	1	4992	2	0	complete	1	4992	1	0	0	0	[]	[]	[]
20260709_140454_826506	timestamp_run	timestamped PointStream debug/inference fragments; inspect file inventory/status before treating as a completed run	dir	1783605894855693484	3	1	1711	2	0	complete	1	1711	1	0	0	0	[]	[]	[]
20260709_140517_858023	timestamp_run	timestamped PointStream debug/inference fragments; inspect file inventory/status before treating as a completed run	dir	1783605917858954724	3	1	9726	2	0	complete	1	9726	1	0	0	0	[]	[]	[]
20260709_140523_082665	timestamp_run	timestamped PointStream debug/inference fragments; inspect file inventory/status before treating as a completed run	dir	1783605923302016539	3	1	2428	2	0	complete	1	2428	1	0	0	0	[]	[]	[]
20260709_140525_623721	timestamp_run	timestamped PointStream debug/inference fragments; inspect file inventory/status before treating as a completed run	dir	1783605925866045657	3	1	2428	2	0	complete	1	2428	1	0	0	0	[]	[]	[]
20260709_140533_648657	timestamp_run	timestamped PointStream debug/inference fragments; inspect file inventory/status before treating as a completed run	dir	1783605933674134330	3	1	1408	2	0	complete	1	1408	1	0	0	0	[]	[]	[]
20260709_140556_194039	timestamp_run	timestamped PointStream debug/inference fragments; inspect file inventory/status before treating as a completed run	dir	1783605956194390077	34	31	142887	3	0	complete	31	142887	2	0	0	0	[]	[]	[]
20260709_140557_650753	timestamp_run	timestamped PointStream debug/inference fragments; inspect file inventory/status before treating as a completed run	dir	1783605957651406623	3	1	2442	2	0	complete	1	2442	1	0	0	0	[]	[]	[]
20260709_140559_984492	timestamp_run	timestamped PointStream debug/inference fragments; inspect file inventory/status before treating as a completed run	dir	1783605959985433129	3	1	2529	2	0	complete	1	2529	1	0	0	0	[]	[]	[]
20260709_140637_827891	timestamp_run	timestamped PointStream debug/inference fragments; inspect file inventory/status before treating as a completed run	dir	1783605997828862881	3	1	1523	2	0	complete	1	1523	1	0	0	0	[]	[]	[]
20260709_140646_199495	timestamp_run	timestamped PointStream debug/inference fragments; inspect file inventory/status before treating as a completed run	dir	1783606008859988150	3	1	2442	2	0	complete	1	2442	1	0	0	0	[]	[]	[]
20260709_140713_605774	timestamp_run	timestamped PointStream debug/inference fragments; inspect file inventory/status before treating as a completed run	dir	1783606033606269093	3	1	2263	2	0	complete	1	2263	1	0	0	0	[]	[]	[]
20260709_140716_078258	timestamp_run	timestamped PointStream debug/inference fragments; inspect file inventory/status before treating as a completed run	dir	1783606036081297183	3	1	2263	2	0	complete	1	2263	1	0	0	0	[]	[]	[]
20260709_140832_616572	timestamp_run	timestamped PointStream debug/inference fragments; inspect file inventory/status before treating as a completed run	dir	1783606112615165797	1	0	0	1	0	complete	0	0	0	0	0	0	[]	[]	[]
20260709_141028_265191	timestamp_run	timestamped PointStream debug/inference fragments; inspect file inventory/status before treating as a completed run	dir	1783606228265478294	3	1	723	2	0	complete	1	723	1	0	0	0	[]	[]	[]
20260709_141029_735231	timestamp_run	timestamped PointStream debug/inference fragments; inspect file inventory/status before treating as a completed run	dir	1783606229736494987	3	1	1007	2	0	complete	1	1007	1	0	0	0	[]	[]	[]
20260709_141048_149913	timestamp_run	timestamped PointStream debug/inference fragments; inspect file inventory/status before treating as a completed run	dir	1783606248187704380	3	1	4992	2	0	complete	1	4992	1	0	0	0	[]	[]	[]
20260709_141107_757768	timestamp_run	timestamped PointStream debug/inference fragments; inspect file inventory/status before treating as a completed run	dir	1783606267761926514	3	1	1711	2	0	complete	1	1711	1	0	0	0	[]	[]	[]
20260709_141111_140566	timestamp_run	timestamped PointStream debug/inference fragments; inspect file inventory/status before treating as a completed run	dir	1783606271792972259	3	1	9726	2	0	complete	1	9726	1	0	0	0	[]	[]	[]
20260709_141124_473371	timestamp_run	timestamped PointStream debug/inference fragments; inspect file inventory/status before treating as a completed run	dir	1783606284497116430	3	1	2428	2	0	complete	1	2428	1	0	0	0	[]	[]	[]
20260709_141141_724581	timestamp_run	timestamped PointStream debug/inference fragments; inspect file inventory/status before treating as a completed run	dir	1783606301729311983	3	1	2428	2	0	complete	1	2428	1	0	0	0	[]	[]	[]
20260709_141144_124079	timestamp_run	timestamped PointStream debug/inference fragments; inspect file inventory/status before treating as a completed run	dir	1783606304124339162	3	1	1408	2	0	complete	1	1408	1	0	0	0	[]	[]	[]
20260709_141146_381828	timestamp_run	timestamped PointStream debug/inference fragments; inspect file inventory/status before treating as a completed run	dir	1783606306382364786	34	31	142887	3	0	complete	31	142887	2	0	0	0	[]	[]	[]
20260709_141150_360044	timestamp_run	timestamped PointStream debug/inference fragments; inspect file inventory/status before treating as a completed run	dir	1783606310672413469	3	1	2442	2	0	complete	1	2442	1	0	0	0	[]	[]	[]
20260709_141154_749555	timestamp_run	timestamped PointStream debug/inference fragments; inspect file inventory/status before treating as a completed run	dir	1783606314750459747	3	1	2529	2	0	complete	1	2529	1	0	0	0	[]	[]	[]
20260709_141233_833703	timestamp_run	timestamped PointStream debug/inference fragments; inspect file inventory/status before treating as a completed run	dir	1783606353837903307	3	1	1523	2	0	complete	1	1523	1	0	0	0	[]	[]	[]
20260709_141302_448442	timestamp_run	timestamped PointStream debug/inference fragments; inspect file inventory/status before treating as a completed run	dir	1783606382448227969	3	1	2442	2	0	complete	1	2442	1	0	0	0	[]	[]	[]
20260709_141305_468581	timestamp_run	timestamped PointStream debug/inference fragments; inspect file inventory/status before treating as a completed run	dir	1783606385822266256	3	1	2263	2	0	complete	1	2263	1	0	0	0	[]	[]	[]
20260709_141309_184295	timestamp_run	timestamped PointStream debug/inference fragments; inspect file inventory/status before treating as a completed run	dir	1783606389916312713	3	1	2263	2	0	complete	1	2263	1	0	0	0	[]	[]	[]
20260709_141414_625083	timestamp_run	timestamped PointStream run output	dir	1784749589738467001	17	11	22961307	6	0	complete	11	22961307	5	0	0	2	[]	"[""20260709_141414_625083/run_summary.json"",""20260709_141414_625083/chunk_0001/metadata.msgpack""]"	[]
20260709_150929_285546	timestamp_run	timestamped PointStream run output	dir	1784749589745467080	17	11	22961307	6	0	complete	11	22961307	5	0	0	2	[]	"[""20260709_150929_285546/run_summary.json"",""20260709_150929_285546/chunk_0001/metadata.msgpack""]"	[]
20260709_221319_778070	timestamp_run	timestamped PointStream run output	dir	1784749589752467159	17	11	23018244	6	0	complete	11	23018244	5	0	0	2	[]	"[""20260709_221319_778070/run_summary.json"",""20260709_221319_778070/chunk_0001/metadata.msgpack""]"	[]
20260709_221714_389957	timestamp_run	timestamped PointStream run output	dir	1784749589759467237	17	11	24740093	6	0	complete	11	24740093	5	0	0	2	[]	"[""20260709_221714_389957/run_summary.json"",""20260709_221714_389957/chunk_0001/metadata.msgpack""]"	[]
20260710_073413_862055	timestamp_run	PointStream transport/codec experiment run outputs	dir	1784749589766467316	14	9	22822765	5	0	complete	9	22822765	4	0	0	2	[]	"[""20260710_073413_862055/run_summary.json"",""20260710_073413_862055/chunk_0001/metadata.msgpack""]"	[]
20260710_073844_816285	timestamp_run	PointStream transport/codec experiment run outputs	dir	1784749589773467395	17	11	24513592	6	0	complete	11	24513592	5	0	0	2	[]	"[""20260710_073844_816285/run_summary.json"",""20260710_073844_816285/chunk_0001/metadata.msgpack""]"	[]
20260710_074235_874342	timestamp_run	PointStream transport/codec experiment run outputs	dir	1784749589784467519	17	11	25030627	6	0	complete	11	25030627	5	0	0	2	[]	"[""20260710_074235_874342/run_summary.json"",""20260710_074235_874342/chunk_0001/metadata.msgpack""]"	[]
20260710_080529_146352	timestamp_run	PointStream transport/codec experiment run outputs	dir	1784749589791467598	17	11	24339401	6	0	complete	11	24339401	5	0	0	2	[]	"[""20260710_080529_146352/run_summary.json"",""20260710_080529_146352/chunk_0001/metadata.msgpack""]"	[]
20260710_121416_601979	timestamp_run	PointStream transport/codec experiment run outputs	dir	1784749589800467699	75	68	527158181	7	0	complete	1028	1950624041	186	0	0	2	[]	"[""20260710_121416_601979/run_summary.json"",""20260710_121416_601979/chunk_0001/metadata.msgpack""]"	[]
20260710_124449_288300	timestamp_run	PointStream transport/codec experiment run outputs	dir	1784749589813467845	75	68	523041993	7	0	complete	1028	1944130332	186	0	0	2	[]	"[""20260710_124449_288300/run_summary.json"",""20260710_124449_288300/chunk_0001/metadata.msgpack""]"	[]
20260710_133850_259669	timestamp_run	PointStream transport/codec experiment run outputs	dir	1784749589820467924	75	68	527158183	7	0	complete	1028	1950624043	186	0	0	2	[]	"[""20260710_133850_259669/run_summary.json"",""20260710_133850_259669/chunk_0001/metadata.msgpack""]"	[]
20260710_140638_567946	timestamp_run	PointStream transport/codec experiment run outputs	dir	1784749589827468003	75	68	523041998	7	0	complete	1028	1944130337	186	0	0	2	[]	"[""20260710_140638_567946/run_summary.json"",""20260710_140638_567946/chunk_0001/metadata.msgpack""]"	[]
20260710_144136_542639	timestamp_run	PointStream transport/codec experiment run outputs	dir	1784749589837468116	75	68	525716582	7	0	complete	1028	1946332876	186	0	0	2	[]	"[""20260710_144136_542639/run_summary.json"",""20260710_144136_542639/chunk_0001/metadata.msgpack""]"	[]
20260710_151054_636710	timestamp_run	PointStream transport/codec experiment run outputs	dir	1784749589844468194	75	68	528047606	7	0	complete	1028	2047791709	186	0	0	2	[]	"[""20260710_151054_636710/run_summary.json"",""20260710_151054_636710/chunk_0001/metadata.msgpack""]"	[]
20260710_154141_878240	timestamp_run	PointStream transport/codec experiment run outputs	dir	1784749589851468273	75	68	538657428	7	0	complete	1028	2157917954	186	0	0	2	[]	"[""20260710_154141_878240/run_summary.json"",""20260710_154141_878240/chunk_0001/metadata.msgpack""]"	[]
20260710_201524_487050	timestamp_run	PointStream transport/codec experiment run outputs	dir	1784749589857468341	75	68	525716578	7	0	complete	1028	1946332872	186	0	0	2	[]	"[""20260710_201524_487050/run_summary.json"",""20260710_201524_487050/chunk_0001/metadata.msgpack""]"	[]
20260710_204642_966849	timestamp_run	PointStream transport/codec experiment run outputs	dir	1784749589865468431	75	68	525716579	7	0	complete	1028	1946332873	186	0	0	2	[]	"[""20260710_204642_966849/run_summary.json"",""20260710_204642_966849/chunk_0001/metadata.msgpack""]"	[]
20260710_211734_419673	timestamp_run	PointStream transport/codec experiment run outputs	dir	1784749589873468521	75	68	525716577	7	0	complete	1028	1946332871	186	0	0	2	[]	"[""20260710_211734_419673/run_summary.json"",""20260710_211734_419673/chunk_0001/metadata.msgpack""]"	[]
20260710_214746_004819	timestamp_run	PointStream transport/codec experiment run outputs	dir	1784749589881468611	75	68	525716581	7	0	complete	1028	1946332875	186	0	0	2	[]	"[""20260710_214746_004819/run_summary.json"",""20260710_214746_004819/chunk_0001/metadata.msgpack""]"	[]
20260710_221738_093060	timestamp_run	PointStream transport/codec experiment run outputs	dir	1784749589888468690	75	68	525716584	7	0	complete	1028	1946332878	186	0	0	2	[]	"[""20260710_221738_093060/run_summary.json"",""20260710_221738_093060/chunk_0001/metadata.msgpack""]"	[]
20260710_224741_408520	timestamp_run	PointStream transport/codec experiment run outputs	dir	1784749589895468769	75	68	525639110	7	0	complete	1028	1946255404	186	0	0	2	[]	"[""20260710_224741_408520/run_summary.json"",""20260710_224741_408520/chunk_0001/metadata.msgpack""]"	[]
20260710_231604_564889	timestamp_run	PointStream transport/codec experiment run outputs	dir	1784749589902468847	75	68	522870570	7	0	complete	1028	1943486864	186	0	0	2	[]	"[""20260710_231604_564889/run_summary.json"",""20260710_231604_564889/chunk_0001/metadata.msgpack""]"	[]
20260710_234603_892275	timestamp_run	PointStream transport/codec experiment run outputs	dir	1784749589909468926	75	68	516127682	7	0	complete	1028	1936743976	186	0	0	2	[]	"[""20260710_234603_892275/run_summary.json"",""20260710_234603_892275/chunk_0001/metadata.msgpack""]"	[]
20260711_061829_768133	timestamp_run	PointStream transport/codec experiment run outputs	dir	1783750739304264241	95	77	2910120898	18	0	complete	1123	13223905154	39	0	0	12	[]	"[""20260711_061829_768133/scene_cache/djokovic_federer_90s/scene_scores.csv"",""20260711_061829_768133/transport/chunk_s0004c0000/metadata.msgpack"",""20260711_061829_768133/transport/chunk_s0004c0001/metadata.msgpack"",""20260711_061829_768133/transport/chunk_s0004c0002/metadata.msgpack"",""20260711_061829_768133/transport/chunk_s0004c0003/metadata.msgpack"",""20260711_061829_768133/transport/chunk_s0004c0004/metadata.msgpack"",""20260711_061829_768133/transport/chunk_s0004c0005/metadata.msgpack"",""20260711_061829_768133/transport/chunk_s0004c0006/metadata.msgpack"",""20260711_061829_768133/transport/chunk_s0004c0007/metadata.msgpack"",""20260711_061829_768133/transport/chunk_s0004c0008/metadata.msgpack"",""20260711_061829_768133/transport/chunk_s0004c0009/metadata.msgpack"",""20260711_061829_768133/transport/chunk_s0004c0010/metadata.msgpack""]"	[]
20260711_223255_853536	timestamp_run	PointStream transport/codec experiment run outputs	dir	1784749589918469028	75	68	516294023	7	0	complete	1028	1936910317	186	0	0	2	[]	"[""20260711_223255_853536/run_summary.json"",""20260711_223255_853536/chunk_0001/metadata.msgpack""]"	[]
20260711_230408_402989	timestamp_run	PointStream transport/codec experiment run outputs	dir	1784749589925469106	75	68	513503034	7	0	complete	1028	1934119328	186	0	0	2	[]	"[""20260711_230408_402989/run_summary.json"",""20260711_230408_402989/chunk_0001/metadata.msgpack""]"	[]
20260711_233142_535554	timestamp_run	PointStream transport/codec experiment run outputs	dir	1784749589932469185	75	68	473388059	7	0	complete	1028	1894004353	186	0	0	2	[]	"[""20260711_233142_535554/run_summary.json"",""20260711_233142_535554/chunk_0001/metadata.msgpack""]"	[]
20260711_235921_644810	timestamp_run	PointStream transport/codec experiment run outputs	dir	1784749589939469264	75	68	515973627	7	0	complete	1028	1936589921	186	0	0	2	[]	"[""20260711_235921_644810/run_summary.json"",""20260711_235921_644810/chunk_0001/metadata.msgpack""]"	[]
20260712_002806_564661	timestamp_run	PointStream transport/codec experiment run outputs	dir	1784749589947469354	75	68	513697172	7	0	complete	1028	1934313466	186	0	0	2	[]	"[""20260712_002806_564661/run_summary.json"",""20260712_002806_564661/chunk_0001/metadata.msgpack""]"	[]
20260712_005716_569644	timestamp_run	PointStream transport/codec experiment run outputs	dir	1784749589954469433	75	68	473076663	7	0	complete	1028	1893692957	186	0	0	2	[]	"[""20260712_005716_569644/run_summary.json"",""20260712_005716_569644/chunk_0001/metadata.msgpack""]"	[]
benchmarks	benchmark_series	ablation and benchmark reports/configs/logs	dir	1783809155407955170	132	74	3766688	33	25	complete	74	3766688	32	25	0	74	[]	"[""benchmarks/ablation-dynamic-thresholding_20260710_221518/manifest.json"",""benchmarks/ablation-dynamic-thresholding_20260711_001729/manifest.json"",""benchmarks/ablation-panorama-quality_20260710_164128/manifest.json"",""benchmarks/ablation-racket-heuristics_20260710_141407/manifest.json"",""benchmarks/ablation-racket-heuristics_20260710_153843/manifest.json"",""benchmarks/ablation-residual-compression_20260712_003235/manifest.json"",""benchmarks/example-panorama-quality_20260710_001315/manifest.json"",""benchmarks/example-panorama-quality_20260710_093837/manifest.json"",""benchmarks/ablation-dynamic-thresholding_20260710_221518/report.json"",""benchmarks/ablation-dynamic-thresholding_20260710_221518/report.md"",""benchmarks/ablation-dynamic-thresholding_20260711_001729/report.json"",""benchmarks/ablation-dynamic-thresholding_20260711_001729/report.md""]"	[]
bp12-baselines	work_package	BP work-package evidence; bounds/report/config files are stage records	dir	1787485649332992891	4	3	217984	1	0	complete	3	217984	0	0	0	3	[]	"[""bp12-baselines/summary.json"",""bp12-baselines/static-copy.json"",""bp12-baselines/unrelated-image.json""]"	[]
bp12-clip-roster	work_package	BP work-package evidence; bounds/report/config files are stage records	dir	1787487133310188061	21	20	1189678	1	0	complete	20	1189678	0	0	0	20	[]	"[""bp12-clip-roster/report.json"",""bp12-clip-roster/summary.json"",""bp12-clip-roster/animate-anyone.json"",""bp12-clip-roster/cross-appearance-animate-anyone.json"",""bp12-clip-roster/cross-appearance-ip-adapter-controlnet.json"",""bp12-clip-roster/cross-appearance-pose-controlnet.json"",""bp12-clip-roster/cross-appearance-seg-controlnet.json"",""bp12-clip-roster/cross-appearance-static-copy.json"",""bp12-clip-roster/cross-appearance-upscale-refine.json"",""bp12-clip-roster/ip-adapter-controlnet.json"",""bp12-clip-roster/mofa-video.json"",""bp12-clip-roster/pix2pix.json""]"	[]
bp12-clip-roster.log	work_package	BP work-package evidence; bounds/report/config files are stage records	file	1787486514231762810	1	1	171949	0	0	complete	1	171949	0	0	0	1	"[""bp12-clip-roster.log""]"	"[""bp12-clip-roster.log""]"	[]
bp12-cross-appearance-prediction.txt	work_package	BP work-package evidence; bounds/report/config files are stage records	file	1787487351802161692	1	1	3278	0	0	complete	1	3278	0	0	0	1	"[""bp12-cross-appearance-prediction.txt""]"	"[""bp12-cross-appearance-prediction.txt""]"	[]
bp12-cross-appearance.log	work_package	BP work-package evidence; bounds/report/config files are stage records	file	1787487238804623814	1	1	48738	0	0	complete	1	48738	0	0	0	1	"[""bp12-cross-appearance.log""]"	"[""bp12-cross-appearance.log""]"	[]
bp12-cross-smoke	work_package	BP work-package evidence; bounds/report/config files are stage records	dir	1787486396640162514	2	1	2663	1	0	complete	1	2663	0	0	0	1	[]	"[""bp12-cross-smoke/cross-appearance-animate-anyone.json""]"	[]
bp13-headroom	work_package	BP work-package evidence; bounds/report/config files are stage records	dir	1787500786165029385	142	117	22105087	25	0	complete	117	22105087	24	0	0	19	[]	"[""bp13-headroom/report.json"",""bp13-headroom/fg_empty_mask/flat/source.y4m"",""bp13-headroom/fg_empty_mask/original/source.y4m"",""bp13-headroom/fg_empty_mask/plate/source.y4m"",""bp13-headroom/fg_seed0/flat/source.y4m"",""bp13-headroom/fg_seed0/original/source.y4m"",""bp13-headroom/fg_seed0/plate/source.y4m"",""bp13-headroom/fg_seed1/flat/source.y4m"",""bp13-headroom/fg_seed1/original/source.y4m"",""bp13-headroom/fg_seed1/plate/source.y4m"",""bp13-headroom/fg_seed2/flat/source.y4m"",""bp13-headroom/fg_seed2/original/source.y4m""]"	[]
bp17-caption	work_package	BP work-package evidence; bounds/report/config files are stage records	dir	1787521817757001253	11	10	763182	1	0	complete	10	763182	0	0	0	9	[]	"[""bp17-caption/summary.json"",""bp17-caption/bounds.json"",""bp17-caption/compare_paired.json"",""bp17-caption/ip-adapter-controlnet.json"",""bp17-caption/pose-controlnet.json"",""bp17-caption/seg-controlnet.json"",""bp17-caption/static-copy.json"",""bp17-caption/trajectory-controlnet.json"",""bp17-caption/unrelated-image.json""]"	[]
bp18-reid-bounds.txt	work_package	BP work-package evidence; bounds/report/config files are stage records	file	1787496866513681724	1	1	2780	0	0	complete	1	2780	0	0	0	1	"[""bp18-reid-bounds.txt""]"	"[""bp18-reid-bounds.txt""]"	[]
bp18-reid-calibration.txt	work_package	BP work-package evidence; bounds/report/config files are stage records	file	1787509130035482405	1	1	5640	0	0	complete	1	5640	0	0	0	1	"[""bp18-reid-calibration.txt""]"	"[""bp18-reid-calibration.txt""]"	[]
bp19-conditioning	work_package	BP work-package evidence; bounds/report/config files are stage records	dir	1787682955632070871	19	14	4604497978	5	0	complete	14	4604497978	4	0	0	8	[]	"[""bp19-conditioning/bounds-before-run.json"",""bp19-conditioning/ip-adapter-smoke/bounds.json"",""bp19-conditioning/ip-adapter-smoke/checkpoint-best/config.json"",""bp19-conditioning/ip-adapter-smoke/checkpoint-epoch-1/config.json"",""bp19-conditioning/ip-adapter-smoke/checkpoint-step-1/config.json"",""bp19-conditioning/ip-adapter-smoke/stop_series.json"",""bp19-conditioning/smoke-ip-adapter.log"",""bp19-conditioning/train-ip-adapter.log""]"	[]
bp19-multi-controlnet	work_package	BP work-package evidence; bounds/report/config files are stage records	dir	1787589315037457571	9	8	469444	1	0	complete	8	469444	0	0	0	8	[]	"[""bp19-multi-controlnet/summary.json"",""bp19-multi-controlnet/lpips-paired.json"",""bp19-multi-controlnet/multi-controlnet.json"",""bp19-multi-controlnet/reid.json"",""bp19-multi-controlnet/reid.log"",""bp19-multi-controlnet/run.log"",""bp19-multi-controlnet/static-copy.json"",""bp19-multi-controlnet/unrelated-image.json""]"	[]
bp19-multi-controlnet-missing-dir	work_package	BP work-package evidence; bounds/report/config files are stage records	dir	1787588035596034077	5	4	456587	1	0	complete	4	456587	0	0	0	4	[]	"[""bp19-multi-controlnet-missing-dir/summary.json"",""bp19-multi-controlnet-missing-dir/multi-controlnet.json"",""bp19-multi-controlnet-missing-dir/static-copy.json"",""bp19-multi-controlnet-missing-dir/unrelated-image.json""]"	[]
bp20-headroom	work_package	BP work-package evidence; bounds/report/config files are stage records	dir	1787568261073716207	22	11	3583999789	11	0	complete	1164	89604803391	73	0	0	3	[]	"[""bp20-headroom/report.json"",""bp20-headroom/null/empty_original/source.y4m"",""bp20-headroom/null/empty_plate/source.y4m""]"	[]
bp21-headroom	work_package	BP work-package evidence; bounds/report/config files are stage records	dir	1787658684931641801	35	14	3584459872	21	0	complete	4149	372181921157	298	0	0	6	[]	"[""bp21-headroom/report.json"",""bp21-headroom/bounds-before-run.json"",""bp21-headroom/bounds-stream-a.json"",""bp21-headroom/null/empty_original/source.y4m"",""bp21-headroom/null/empty_plate/source.y4m"",""bp21-headroom/run.log""]"	[]
bp21-vvc-shards	work_package	BP work-package evidence; bounds/report/config files are stage records	dir	1787658547042773741	28	14	1132105	6	8	complete	14	1132105	5	8	0	11	[]	"[""bp21-vvc-shards/shard-0/report.json"",""bp21-vvc-shards/shard-1/report.json"",""bp21-vvc-shards/shard-2/report.json"",""bp21-vvc-shards/shard-3/report.json"",""bp21-vvc-shards/coordinator.log"",""bp21-vvc-shards/finalize.log"",""bp21-vvc-shards/recover.log"",""bp21-vvc-shards/shard-0/run.log"",""bp21-vvc-shards/shard-1/run.log"",""bp21-vvc-shards/shard-2/run.log"",""bp21-vvc-shards/shard-3/run.log""]"	[]
bp22-cull	work_package	BP work-package evidence; bounds/report/config files are stage records	dir	1787751436870674257	3	2	133701	1	0	complete	2	133701	0	0	0	1	[]	"[""bp22-cull/STREAM-REPORT.md""]"	[]
bp23-tier	work_package	BP work-package evidence; bounds/report/config files are stage records	dir	1787685434878695157	12	11	57823	1	0	complete	11	57823	0	0	0	11	[]	"[""bp23-tier/report.json"",""bp23-tier/bounds-before-run.json"",""bp23-tier/metric-calibration.json"",""bp23-tier/bounds-alarms-closed.json"",""bp23-tier/bounds-check.json"",""bp23-tier/bounds-check.log"",""bp23-tier/metric-notes.md"",""bp23-tier/calibrate.log"",""bp23-tier/inert-config-fields.json"",""bp23-tier/inert.log"",""bp23-tier/run.log""]"	[]
bp24-encoder	work_package	BP work-package evidence; bounds/report/config files are stage records	dir	1787758218704367260	2	1	1850	1	0	complete	1	1850	0	0	0	1	[]	"[""bp24-encoder/bounds-before-run.json""]"	[]
bp24-ladder	work_package	BP work-package evidence; bounds/report/config files are stage records	dir	1788036236776322872	16	15	88932	1	0	complete	15	88932	0	0	0	15	[]	"[""bp24-ladder/bounds-before-run.json"",""bp24-ladder/appearance-cost.json"",""bp24-ladder/av1-coarseness-highmotion.json"",""bp24-ladder/av1-coarseness-lowmotion.json"",""bp24-ladder/av1-payload-highmotion.json"",""bp24-ladder/av1-payload-lowmotion.json"",""bp24-ladder/motion-survey.json"",""bp24-ladder/plate-delta.json"",""bp24-ladder/plate-interframe.json"",""bp24-ladder/plate-lowdelay.json"",""bp24-ladder/plate-probe.json"",""bp24-ladder/plate-register.json""]"	[]
bp25-ip-adapter	work_package	BP work-package evidence; bounds/report/config files are stage records	dir	1787767560562143143	8	7	829874	1	0	complete	7	829874	0	0	0	7	[]	"[""bp25-ip-adapter/report.json"",""bp25-ip-adapter/bounds-before-run.json"",""bp25-ip-adapter/calibration.json"",""bp25-ip-adapter/clip-means.json"",""bp25-ip-adapter/ranking.json"",""bp25-ip-adapter/rows.json"",""bp25-ip-adapter/run.log""]"	[]
bp26-config	work_package	BP work-package evidence; bounds/report/config files are stage records	dir	1787752591589434862	15	14	86744	1	0	complete	14	86744	0	0	0	10	[]	"[""bp26-config/bounds-before-run.json"",""bp26-config/STREAM-REPORT.md"",""bp26-config/axis-swap-results.json"",""bp26-config/measurements-vs-bounds.json"",""bp26-config/axis-moved.json"",""bp26-config/classification-split.json"",""bp26-config/classification.json"",""bp26-config/classification.md"",""bp26-config/extra-probes.json"",""bp26-config/working-notes.md""]"	[]
bp27-metrics	work_package	BP work-package evidence; bounds/report/config files are stage records	dir	1787750556669664724	2	1	4144	1	0	complete	1	4144	0	0	0	1	[]	"[""bp27-metrics/STREAM-REPORT.md""]"	[]
bp29-intra-sidecar	work_package	BP work-package evidence; bounds/report/config files are stage records	dir	1788047911121720160	9	8	41792	1	0	complete	8	41792	0	0	0	6	[]	"[""bp29-intra-sidecar/bounds-before-run.json"",""bp29-intra-sidecar/alarm-vvc-decode.json"",""bp29-intra-sidecar/control_ceiling.log"",""bp29-intra-sidecar/interface-ceiling-control.json"",""bp29-intra-sidecar/intra-sidecar-plate.json"",""bp29-intra-sidecar/measure_plate.log""]"	[]
bp29-low-rate	work_package	BP work-package evidence; bounds/report/config files are stage records	dir	1788080473556061915	8	7	24921	1	0	complete	7	24921	0	0	0	7	[]	"[""bp29-low-rate/bounds-before-run.json"",""bp29-low-rate/bounds-before-highrate-check.json"",""bp29-low-rate/av1-lowrate.json"",""bp29-low-rate/ceiling-control.json"",""bp29-low-rate/ceiling-control.log"",""bp29-low-rate/highrate-check.log"",""bp29-low-rate/ladder.log""]"	[]
bp29-panorama	work_package	BP work-package evidence; bounds/report/config files are stage records	dir	1788083299561647199	17	15	110284	2	0	complete	15	110284	1	0	0	10	[]	"[""bp29-panorama/report.json"",""bp29-panorama/bounds-before-run.json"",""bp29-panorama/ledger-cross-check.json"",""bp29-panorama/report-two-arm-superseded.json"",""bp29-panorama/alignment-probe.json"",""bp29-panorama/estimator-diagnosis.json"",""bp29-panorama/motion-model-comparison.json"",""bp29-panorama/registration-probe.json"",""bp29-panorama/run.log"",""bp29-panorama/stitcher-probe.json""]"	[]
bp29-plate-codec	work_package	BP work-package evidence; bounds/report/config files are stage records	dir	1788044815731465938	9	8	36648	1	0	complete	8	36648	0	0	0	8	[]	"[""bp29-plate-codec/bounds-before-run.json"",""bp29-plate-codec/bounds-before-ceiling-control.json"",""bp29-plate-codec/ceiling.log"",""bp29-plate-codec/diagnose.log"",""bp29-plate-codec/plate-codec-ceiling.json"",""bp29-plate-codec/plate-codec-diagnostics.json"",""bp29-plate-codec/plate-codec-sweep.json"",""bp29-plate-codec/sweep.log""]"	[]
bp30-background	work_package	BP work-package evidence; bounds/report/config files are stage records	dir	1788112779025760622	115	106	528978029	9	0	complete	146	790194247	13	0	0	14	[]	"[""bp30-background/bounds-before-run.json"",""bp30-background/canny-validation-alcaraz_perricard.json"",""bp30-background/canny-validation-djokovic_federer.json"",""bp30-background/canny-validation-federer_djokovic.json"",""bp30-background/canny-validation-sinner_alcaraz.json"",""bp30-background/canny-validation.json"",""bp30-background/mode-comparison.json"",""bp30-background/multivideo.log"",""bp30-background/run.log"",""bp30-background/stream-sweep-alcaraz_perricard.json"",""bp30-background/stream-sweep-djokovic_federer.json"",""bp30-background/stream-sweep-federer_djokovic.json""]"	[]
bp31-ladder	work_package	BP work-package evidence; bounds/report/config files are stage records	dir	1788345494289685262	27	26	277105	1	0	complete	26	277105	0	0	0	25	[]	"[""bp31-ladder/bounds-before-run.json"",""bp31-ladder/bounds-before-codec-curves.json"",""bp31-ladder/bounds-before-span-run.json"",""bp31-ladder/avc-scenecut-diagnostic.json"",""bp31-ladder/avc-scenecut.log"",""bp31-ladder/canvas-growth-by-span.json"",""bp31-ladder/canvas-probe.log"",""bp31-ladder/ladder-control-full.log"",""bp31-ladder/ladder-curve-panorama-full.json"",""bp31-ladder/ladder-curve-panorama-full.log"",""bp31-ladder/ladder-curve-panorama-stream.json"",""bp31-ladder/ladder-curve-panorama-stream.log""]"	[]
bp44-canonical-canvas	work_package	BP work-package evidence; bounds/report/config files are stage records	dir	1788376966789202252	5	4	15704	1	0	complete	4	15704	0	0	0	4	[]	"[""bp44-canonical-canvas/bounds-before-run.json"",""bp44-canonical-canvas/bounds-before-panning-alarm.json"",""bp44-canonical-canvas/canonical-canvas.json"",""bp44-canonical-canvas/panning-quality.json""]"	[]
bp45-low-rate	work_package	BP work-package evidence; bounds/report/config files are stage records	dir	1788366998748538687	4	3	17874	1	0	complete	3	17874	0	0	0	3	[]	"[""bp45-low-rate/bounds-before-run.json"",""bp45-low-rate/metric-calibration.json"",""bp45-low-rate/codec-floor.json""]"	[]
bp46-long-scenes	work_package	BP work-package evidence; bounds/report/config files are stage records	dir	1788367332880119746	10	1	185085	9	0	complete_with_pruned_media_dirs	1	185085	1	0	0	1	[]	"[""bp46-long-scenes/manifest.json""]"	"[""bp46-long-scenes/clips""]"
bp47-e1-preflight	work_package	BP work-package evidence; bounds/report/config files are stage records	dir	1788390648833725709	8	6	15938	2	0	complete	6	15938	1	0	0	6	[]	"[""bp47-e1-preflight/bounds-before-run.json"",""bp47-e1-preflight/preflight-alcaraz_highlights-scene_000+scene_028-n48-av1.points/identity.json"",""bp47-e1-preflight/preflight-alcaraz_highlights-scene_000+scene_028-n48-av1.json"",""bp47-e1-preflight/preflight-alcaraz_highlights-scene_000+scene_028-n48-av1.points/bg-crf51.json"",""bp47-e1-preflight/preflight-resume.log"",""bp47-e1-preflight/preflight.log""]"	[]
bp49-native-recovery	work_package	BP work-package evidence; bounds/report/config files are stage records	dir	1788438646693090133	25	20	78164	5	0	complete	42	12910553656	10	0	0	19	[]	"[""bp49-native-recovery/bounds-before-run.json"",""bp49-native-recovery/reference-pilot-bounds-before-run.json"",""bp49-native-recovery/references-alcaraz_highlights-scene_000+scene_028-n48-av1.points/identity.json"",""bp49-native-recovery/references-alcaraz_highlights-scene_000+scene_028-n48-vvc.points/identity.json"",""bp49-native-recovery/sweep-alcaraz_highlights-scene_000+scene_028-n48-av1.points/bg-crf51.run/identity.json"",""bp49-native-recovery/sweep-alcaraz_highlights-scene_000+scene_028-n48-av1.points/identity.json"",""bp49-native-recovery/tool-pin-and-source-hashes.json"",""bp49-native-recovery/operational-gate.json"",""bp49-native-recovery/reference-pilot.log"",""bp49-native-recovery/references-alcaraz_highlights-scene_000+scene_028-n48-av1.json"",""bp49-native-recovery/references-alcaraz_highlights-scene_000+scene_028-n48-av1.points/continuous-qp63.json"",""bp49-native-recovery/references-alcaraz_highlights-scene_000+scene_028-n48-av1.points/segmented-qp63.json""]"	[]
bp52-background-crf	work_package	BP work-package evidence; bounds/report/config files are stage records	dir	1788458923759465399	37	29	176181	8	0	complete	95	38730360864	25	0	0	26	[]	"[""bp52-background-crf/bounds-before-run.json"",""bp52-background-crf/metric-controls.json"",""bp52-background-crf/points/bg-crf51.run/identity.json"",""bp52-background-crf/points/bg-crf57.run/identity.json"",""bp52-background-crf/points/bg-crf63.run/identity.json"",""bp52-background-crf/points/identity.json"",""bp52-background-crf/references/references-alcaraz_highlights-scene_000+scene_028-n48-av1.points/identity.json"",""bp52-background-crf/references/references-alcaraz_highlights-scene_000+scene_028-n48-vvc.points/identity.json"",""bp52-background-crf/background-search.json"",""bp52-background-crf/points/bg-crf51.json"",""bp52-background-crf/points/bg-crf51.run/timing.json"",""bp52-background-crf/points/bg-crf57.json""]"	[]
bp53-background-scale	work_package	BP work-package evidence; bounds/report/config files are stage records	dir	1788508266572019844	25	19	116580	6	0	complete	85	38476318392	23	0	0	16	[]	"[""bp53-background-scale/bounds-before-run.json"",""bp53-background-scale/metric-controls.json"",""bp53-background-scale/points/bg-scale05-crf51.run/identity.json"",""bp53-background-scale/points/bg-scale05-crf63.run/identity.json"",""bp53-background-scale/points/bg-scale1-crf51.run/identity.json"",""bp53-background-scale/points/identity.json"",""bp53-background-scale/background-scale.json"",""bp53-background-scale/budget.json"",""bp53-background-scale/logs/job.log"",""bp53-background-scale/measurement-provenance.json"",""bp53-background-scale/points/bg-scale05-crf51.json"",""bp53-background-scale/points/bg-scale05-crf51.run/timing.json""]"	[]
bp56-background-effort	work_package	BP work-package evidence; bounds/report/config files are stage records	dir	1788539078426256800	25	19	129732	6	0	complete	85	38731773288	23	0	0	16	[]	"[""bp56-background-effort/bounds-before-run.json"",""bp56-background-effort/metric-controls.json"",""bp56-background-effort/points/bg-good4-crf51.run/identity.json"",""bp56-background-effort/points/bg-good4-crf63.run/identity.json"",""bp56-background-effort/points/bg-realtime8-crf51.run/identity.json"",""bp56-background-effort/points/identity.json"",""bp56-background-effort/background-effort.json"",""bp56-background-effort/budget.json"",""bp56-background-effort/logs/job.log"",""bp56-background-effort/points/bg-good4-crf51.json"",""bp56-background-effort/points/bg-good4-crf51.run/timing.json"",""bp56-background-effort/points/bg-good4-crf63.json""]"	[]
campaign	probe_or_misc	campaign artifacts; scope inferred from filenames/content refs	dir	1783894845489419381	15	11	6878587	4	0	complete_with_pruned_media_dirs	11	6878587	3	0	0	11	[]	"[""campaign/g2_overnight/campaign_state.json"",""campaign/g2_overnight/debug_campaign.log"",""campaign/g2_overnight/logs/controlnet_pose_rung0.log"",""campaign/g2_overnight/logs/pix2pix_rung0.log"",""campaign/g2_overnight/logs/pix2pix_rung0_retry.log"",""campaign/g2_overnight/logs/pix2pix_rung1.log"",""campaign/g2_overnight/logs/spade4tennis_lite_rung0.log"",""campaign/g2_overnight/logs/spade4tennis_lite_rung0_retry.log"",""campaign/g2_overnight/logs/spade4tennis_lite_rung1.log"",""campaign/g2_overnight/logs/spade4tennis_lite_rung1_retry.log"",""campaign/g2_overnight/probe_log.jsonl""]"	"[""campaign/g2_overnight/checkpoints""]"
codec_baselines	baseline	conventional codec baseline reports and encoded files	dir	1783716441979754971	45	41	51051663	4	0	complete	41	51051663	3	0	0	9	[]	"[""codec_baselines/20260710_164414/report.json"",""codec_baselines/20260710_164414/report.md"",""codec_baselines/20260710_222256/report.json"",""codec_baselines/20260710_222256/report.md"",""codec_baselines/20260710_224721/report.json"",""codec_baselines/20260710_224721/report.md"",""codec_baselines/20260710_164414/sweep.csv"",""codec_baselines/20260710_222256/sweep.csv"",""codec_baselines/20260710_224721/sweep.csv""]"	[]
debug_align	probe_or_misc	probe/smoke/diagnostic outputs	dir	1783979070631468885	6	5	181833	1	0	complete	5	181833	0	0	0	0	[]	[]	[]
development-recovery	recovery_pilots	development recovery pilots, diagnostics, identity, and metric artifacts	dir	1789130866214603469	51	39	1758025	12	0	complete_with_pruned_media_dirs	39	1758025	11	0	0	39	[]	"[""development-recovery/pilot-frozen/report.json"",""development-recovery/residual-high-fidelity/report.json"",""development-recovery/wave2-overlap-20260910/report.json"",""development-recovery/pilot-frozen/metric-calibration.json"",""development-recovery/residual-high-fidelity/metric-calibration.json"",""development-recovery/wave2-background-probe/bounds.json"",""development-recovery/wave2-overlap-20260910/bounds.json"",""development-recovery/wave2-overlap-20260910/metric-calibration.json"",""development-recovery/wave2-platefix-20260910/bounds.json"",""development-recovery/wave2-repaired-20260910/bounds.json"",""development-recovery/wave2-repaired-20260910b/bounds.json"",""development-recovery/wave2-repaired-20260910c/bounds.json""]"	"[""development-recovery/campaign_pilot/checkpoints""]"
evaluation-20260914	evaluation_campaign	evaluation campaign outputs and metric controls	dir	1789592714848964915	104	77	949301629	27	0	complete	349	1883003812	54	0	0	73	[]	"[""evaluation-20260914/e03b/run-20260916-federer007/bounds.json"",""evaluation-20260914/e03b/run-20260916-federer007/metric-calibration.json"",""evaluation-20260914/e04a/run-20260916-evidence-completion-r2/bounds.json"",""evaluation-20260914/e04a/run-20260916-evidence-completion/bounds.json"",""evaluation-20260914/e04a/run-20260916-federer007/bounds.json"",""evaluation-20260914/e04a/run-20260916-federer007/metric-calibration.json"",""evaluation-20260914/e04b/run-20260916-paired-removal-r2/bounds.json"",""evaluation-20260914/e04b/run-20260916-paired-removal/bounds.json"",""evaluation-20260914/e06/audit-20260916-lossless-pack/bounds.json"",""evaluation-20260914/e06/probe-20260917-floor-arms/bounds.json"",""evaluation-20260914/e06/run-20260916-federer007-perframe-bbox/bounds.json"",""evaluation-20260914/e01/e01-protocol-20260914/evaluation_20260914_result_contract.example.json""]"	[]
evaluation-campaign	evaluation_campaign	evaluation campaign outputs and metric controls	dir	1789378527738841900	6	3	664309806	3	0	complete	3	664309806	2	0	0	2	[]	"[""evaluation-campaign/e02r/campaign_result_pix2pix_scene028.json"",""evaluation-campaign/e02r/diagnostic_matrix_pix2pix_scene028.json""]"	[]
gate-a-long-context-n48	gate_campaign	gate/confirmation campaign outputs	dir	1788630117346277887	7	6	9026	1	0	complete	6	9026	0	0	0	6	[]	"[""gate-a-long-context-n48/bounds-before-run.json"",""gate-a-long-context-n48/controls-summary.json"",""gate-a-long-context-n48/dry-run-summary.json"",""gate-a-long-context-n48/identity.json"",""gate-a-long-context-n48/metric-controls.json"",""gate-a-long-context-n48/tool-identity.json""]"	[]
gate-a-vvc-webp-n48	gate_campaign	gate/confirmation campaign outputs	dir	1788912488606481303	7	6	19387	1	0	complete	6	19387	0	0	0	6	[]	"[""gate-a-vvc-webp-n48/bounds-before-run.json"",""gate-a-vvc-webp-n48/controls-summary.json"",""gate-a-vvc-webp-n48/dry-run-summary.json"",""gate-a-vvc-webp-n48/identity.json"",""gate-a-vvc-webp-n48/metric-controls.json"",""gate-a-vvc-webp-n48/tool-identity.json""]"	[]
gate-a-vvc-webp-n96	gate_campaign	gate/confirmation campaign outputs	dir	1788936882325484623	34	30	240381	4	0	complete	30	240381	3	0	0	30	[]	"[""gate-a-vvc-webp-n96/bounds-before-run.json"",""gate-a-vvc-webp-n96/identity.json"",""gate-a-vvc-webp-n96/tool-identity.json"",""gate-a-vvc-webp-n96/budget.json"",""gate-a-vvc-webp-n96/heartbeat.jsonl"",""gate-a-vvc-webp-n96/points/av1-curves.attempt.json"",""gate-a-vvc-webp-n96/points/av1-curves.json"",""gate-a-vvc-webp-n96/points/av1-fallback.attempt.json"",""gate-a-vvc-webp-n96/points/av1-fallback.json"",""gate-a-vvc-webp-n96/points/av1.points/continuous-qp39.json"",""gate-a-vvc-webp-n96/points/av1.points/continuous-qp47.json"",""gate-a-vvc-webp-n96/points/av1.points/continuous-qp55.json""]"	[]
gate-a-vvc-webp-n96-dryrun	gate_campaign	gate/confirmation campaign outputs	dir	1788921753521508841	7	6	19158	1	0	complete	6	19158	0	0	0	6	[]	"[""gate-a-vvc-webp-n96-dryrun/bounds-before-run.json"",""gate-a-vvc-webp-n96-dryrun/controls-summary.json"",""gate-a-vvc-webp-n96-dryrun/dry-run-summary.json"",""gate-a-vvc-webp-n96-dryrun/identity.json"",""gate-a-vvc-webp-n96-dryrun/metric-controls.json"",""gate-a-vvc-webp-n96-dryrun/tool-identity.json""]"	[]
gate-a-vvc-webp-n96-run2	gate_campaign	gate/confirmation campaign outputs	dir	1788957020171595263	67	58	628171	9	0	complete	178	128247101774	38	0	0	53	[]	"[""gate-a-vvc-webp-n96-run2/report.json"",""gate-a-vvc-webp-n96-run2/bounds-before-run.json"",""gate-a-vvc-webp-n96-run2/controls-summary.json"",""gate-a-vvc-webp-n96-run2/identity.json"",""gate-a-vvc-webp-n96-run2/metric-controls.json"",""gate-a-vvc-webp-n96-run2/partial-report.json"",""gate-a-vvc-webp-n96-run2/points/C0.run/identity.json"",""gate-a-vvc-webp-n96-run2/points/C1.run/identity.json"",""gate-a-vvc-webp-n96-run2/points/C2.run/identity.json"",""gate-a-vvc-webp-n96-run2/points/C3.run/identity.json"",""gate-a-vvc-webp-n96-run2/points/object-stream-off.run/identity.json"",""gate-a-vvc-webp-n96-run2/tool-identity.json""]"	[]
gate-b-confirmation	gate_campaign	gate/confirmation campaign outputs	dir	1788968494949346775	77	60	223240	17	0	complete_with_pruned_media_dirs	162	9273661318	46	0	0	52	[]	"[""gate-b-confirmation/report.json"",""gate-b-confirmation/clips/bp57_ao2024_sabalenka_zheng/bounds.json"",""gate-b-confirmation/clips/bp57_usopen2023_gauff_sabalenka/bounds.json"",""gate-b-confirmation/points/bp57_ao2024_sabalenka_zheng.C0.run/identity.json"",""gate-b-confirmation/points/bp57_ao2024_sabalenka_zheng.C1.run/identity.json"",""gate-b-confirmation/points/bp57_ao2024_sabalenka_zheng.C2.run/identity.json"",""gate-b-confirmation/points/bp57_ao2024_sabalenka_zheng.C3.run/identity.json"",""gate-b-confirmation/points/bp57_usopen2023_gauff_sabalenka.C0.run/identity.json"",""gate-b-confirmation/points/bp57_usopen2023_gauff_sabalenka.C1.run/identity.json"",""gate-b-confirmation/points/bp57_usopen2023_gauff_sabalenka.C2.run/identity.json"",""gate-b-confirmation/points/bp57_usopen2023_gauff_sabalenka.C3.run/identity.json"",""gate-b-confirmation/tool-identity.json""]"	"[""gate-b-confirmation/clips""]"
hnerv_baseline_high_cap	baseline	HNeRV baseline/sweep outputs	dir	1783873643934356645	5	2	23532047	3	0	complete	2	23532047	2	0	0	1	[]	"[""hnerv_baseline_high_cap/20260712_182723/progress.jsonl""]"	[]
hnerv_smoke	baseline	HNeRV baseline/sweep outputs	dir	1783892620747434138	17	14	104170	3	0	complete	14	104170	2	0	0	4	[]	"[""hnerv_smoke/20260712_234340/report.json"",""hnerv_smoke/20260712_234340/report.md"",""hnerv_smoke/20260712_234340/history.json"",""hnerv_smoke/20260712_234340/progress.jsonl""]"	[]
hnerv_vod_sweep	baseline	HNeRV baseline/sweep outputs	dir	1783892748635870354	4	2	23145435	2	0	complete	2	23145435	1	0	0	1	[]	"[""hnerv_vod_sweep/20260712_234548/progress.jsonl""]"	[]
hnerv_vod_sweep_short	baseline	HNeRV baseline/sweep outputs	dir	1783892875059290304	71	68	88208036	3	0	complete	68	88208036	2	0	0	4	[]	"[""hnerv_vod_sweep_short/20260712_234755/report.json"",""hnerv_vod_sweep_short/20260712_234755/report.md"",""hnerv_vod_sweep_short/20260712_234755/history.json"",""hnerv_vod_sweep_short/20260712_234755/progress.jsonl""]"	[]
hnerv_wrc_phase1	baseline	HNeRV baseline/sweep outputs	dir	1783942335718519449	35	25	4719292	10	0	complete	325	206580187	14	0	0	20	[]	"[""hnerv_wrc_phase1/budget_0.4M/20260713_121150/report.json"",""hnerv_wrc_phase1/budget_0.4M/20260713_121150/report.md"",""hnerv_wrc_phase1/budget_0.4M/20260713_123309/report.json"",""hnerv_wrc_phase1/budget_0.4M/20260713_123309/report.md"",""hnerv_wrc_phase1/budget_0.9M/20260713_123308/report.json"",""hnerv_wrc_phase1/budget_0.9M/20260713_123308/report.md"",""hnerv_wrc_phase1/budget_1.8M/20260713_125941/report.json"",""hnerv_wrc_phase1/budget_1.8M/20260713_125941/report.md"",""hnerv_wrc_phase1/budget_3.5M/20260713_133215/report.json"",""hnerv_wrc_phase1/budget_3.5M/20260713_133215/report.md"",""hnerv_wrc_phase1/budget_0.4M/20260713_121150/history.json"",""hnerv_wrc_phase1/budget_0.4M/20260713_121150/progress.jsonl""]"	[]
image-codec-probe	probe_or_misc	probe/smoke/diagnostic outputs	dir	1790061052384158819	2	1	8064	1	0	complete	1	8064	0	0	0	1	[]	"[""image-codec-probe/federer007.json""]"	[]
inference_smoke	probe_or_misc	probe/smoke/diagnostic outputs	dir	1783610151603960298	3	2	34284	1	0	complete	2	34284	0	0	0	0	[]	[]	[]
journal-20260924	journal_family	journal experiment evidence, preregistrations, logs, and result artifacts	dir	1790278477131902585	29	15	98166	14	0	complete	15	98166	13	0	0	13	[]	"[""journal-20260924/je00/intake.json"",""journal-20260924/je05/decomposition-summary.json"",""journal-20260924/je01/metric-readiness.json"",""journal-20260924/je03/anchor-readiness.json"",""journal-20260924/je04/neural-readiness.json"",""journal-20260924/je10/alcaraz000-je10-winning-result.json"",""journal-20260924/je05/alcaraz000-decomposition.json"",""journal-20260924/je05/federer007-decomposition.json"",""journal-20260924/je05/perricard002-decomposition.json"",""journal-20260924/je07/je07-appearance-silhouette-evaluation.json"",""journal-20260924/je11/consecutive-points-amortization.json"",""journal-20260924/je12/causal-ablations.json""]"	[]
journal-20260925	journal_family	journal experiment evidence, preregistrations, logs, and result artifacts	dir	1790326393587810340	73	63	807701424	10	0	complete	67	807702962	15	32	0	46	[]	"[""journal-20260925/c01-gpu/sam31-meta-video-smoke16-run2/run-manifest.json"",""journal-20260925/c01-gpu/sam31-meta-video-smoke16-run3/run-manifest.json"",""journal-20260925/c01-gpu/sam31-meta-video-smoke16-run3/result.json"",""journal-20260925/c01-gpu/sam31-meta-video-smoke16-run1/status.json"",""journal-20260925/c01-gpu/sam31-meta-video-smoke16-run2/status.json"",""journal-20260925/c01-gpu/sam31-meta-video-smoke16-run3/status.json"",""journal-20260925/c01-gpu/sinner-alcaraz-scene002-first16-yolo26x-fast-run1/preregistered-protocol.json"",""journal-20260925/mask-screen/sinner-alcaraz002-yolo26x-cpu-retry1/preregistered-protocol.json"",""journal-20260925/mask-screen/sinner-alcaraz002-yolo26x-cpu-retry1/protocol.json"",""journal-20260925/mask-screen/yolo26n-seg-alcaraz000-window48/preregistered-protocol.json"",""journal-20260925/mask-screen/yolo26n-seg-alcaraz000-window48/protocol.json"",""journal-20260925/mask-screen/yolo26n-seg-alcaraz000-window48/status.json""]"	[]
journal-20260926	journal_family	journal experiment evidence, preregistrations, logs, and result artifacts	dir	1790454763040749312	36	16	2042423	4	16	complete	16	2042508	3	16	0	11	[]	"[""journal-20260926/sam31-racket-prompt-smoke16-run1/run-manifest.json"",""journal-20260926/sam31-racket-prompt-smoke16-run1/result.json"",""journal-20260926/sam31-racket-prompt-smoke16-run1/status.json"",""journal-20260926/sam31-racket-prompt-smoke16-run1/checkpoint-load-audit.json"",""journal-20260926/sam31-racket-prompt-smoke16-run1/claim.json"",""journal-20260926/sam31-racket-prompt-smoke16-run1/command.log"",""journal-20260926/sam31-racket-prompt-smoke16-run1/policy.json"",""journal-20260926/sam31-racket-prompt-smoke16-run1/progress.log"",""journal-20260926/sam31-racket-prompt-smoke16-run1/request.json"",""journal-20260926/sam31-racket-prompt-smoke16-run1/sam31_smoke_runner.py"",""journal-20260926/sam31-racket-prompt-smoke16-run1/supervisor.log""]"	[]
modular	modular_experiments	modular component and campaign outputs, including job manifests/status	dir	1790226628729981955	88	66	8240190380	22	0	complete_with_pruned_media_dirs	2097	21644440143	33	0	0	46	[]	"[""modular/object-foreground-campaign/job/status.json"",""modular/overnight-training-20260923/pix2pix-perricard002/status.json"",""modular/measured-tennis/results.json"",""modular/object-foreground-campaign/batch-summary.json"",""modular/appearance-motion/federer007.json"",""modular/background-arms/alcaraz000.json"",""modular/background-arms/alcaraz000.log"",""modular/background-arms/federer001.json"",""modular/background-arms/federer007-matched.json"",""modular/background-arms/federer007.json"",""modular/background-arms/part2.log"",""modular/background-arms/perricard002.json""]"	"[""modular/background-arms/cache""]"
roi_verification	probe_or_misc	probe/smoke/diagnostic outputs	dir	1787291974157528441	2	1	783	1	0	complete	1	783	0	0	0	1	[]	"[""roi_verification/av1_svtav1_1.8.0.json""]"	[]
sam31-quality-existing-smoke-v2-20260927-r2	quality_campaign	SAM3.1 inference, mask quality, or full quality campaign outputs	dir	1790535540852277484	4	1	17701	3	0	complete	1	17701	3	0	0	1	[]	"[""sam31-quality-existing-smoke-v2-20260927-r2/shards/shard-00/sam_worker_config.json""]"	[]
sam31-quality-existing-smoke-v2-20260927-r3	quality_campaign	SAM3.1 inference, mask quality, or full quality campaign outputs	dir	1790537617338706496	12	8	272379	4	0	complete	18	581464	12	0	0	7	[]	"[""sam31-quality-existing-smoke-v2-20260927-r3/shards/shard-00/sam_worker_result.json"",""sam31-quality-existing-smoke-v2-20260927-r3/shards/shard-00/shard_manifest.json"",""sam31-quality-existing-smoke-v2-20260927-r3/smoke_manifest.json"",""sam31-quality-existing-smoke-v2-20260927-r3/shards/shard-00/quality_audit.jsonl"",""sam31-quality-existing-smoke-v2-20260927-r3/shards/shard-00/sam_worker_config.json"",""sam31-quality-existing-smoke-v2-20260927-r3/shards/shard-00/source_frames.jsonl"",""sam31-quality-existing-smoke-v2-20260927-r3/shards/shard-00/training_samples.jsonl""]"	[]
sam31-quality-existing-smoke-v2-20260927-r4	quality_campaign	SAM3.1 inference, mask quality, or full quality campaign outputs	dir	1790538579900883174	16	8	415387	8	0	complete	451	12813857	26	0	0	7	[]	"[""sam31-quality-existing-smoke-v2-20260927-r4/shards/shard-00/sam_worker_result.json"",""sam31-quality-existing-smoke-v2-20260927-r4/shards/shard-00/shard_manifest.json"",""sam31-quality-existing-smoke-v2-20260927-r4/smoke_manifest.json"",""sam31-quality-existing-smoke-v2-20260927-r4/shards/shard-00/quality_audit.jsonl"",""sam31-quality-existing-smoke-v2-20260927-r4/shards/shard-00/sam_worker_config.json"",""sam31-quality-existing-smoke-v2-20260927-r4/shards/shard-00/source_frames.jsonl"",""sam31-quality-existing-smoke-v2-20260927-r4/shards/shard-00/training_samples.jsonl""]"	[]
sam31-quality-existing-smoke-v3-20260927	quality_campaign	SAM3.1 inference, mask quality, or full quality campaign outputs	dir	1790542008570768321	6	3	19667	3	0	complete	3	19667	7	0	0	2	[]	"[""sam31-quality-existing-smoke-v3-20260927/build_plan.json"",""sam31-quality-existing-smoke-v3-20260927/shards/shard-01/sam_worker_config.json""]"	[]
sam31-quality-existing-smoke-v5-20260927	quality_campaign	SAM3.1 inference, mask quality, or full quality campaign outputs	dir	1790543039987858875	6	3	19667	3	0	complete	3	19667	7	0	0	2	[]	"[""sam31-quality-existing-smoke-v5-20260927/build_plan.json"",""sam31-quality-existing-smoke-v5-20260927/shards/shard-01/sam_worker_config.json""]"	[]
sam31-quality-existing-smoke-v6-20260927	quality_campaign	SAM3.1 inference, mask quality, or full quality campaign outputs	dir	1790543959609413335	18	10	289164	8	0	complete	28	858529	23	0	0	8	[]	"[""sam31-quality-existing-smoke-v6-20260927/shards/shard-01/sam_worker_result.json"",""sam31-quality-existing-smoke-v6-20260927/shards/shard-01/shard_manifest.json"",""sam31-quality-existing-smoke-v6-20260927/smoke_manifest.json"",""sam31-quality-existing-smoke-v6-20260927/build_plan.json"",""sam31-quality-existing-smoke-v6-20260927/shards/shard-01/quality_audit.jsonl"",""sam31-quality-existing-smoke-v6-20260927/shards/shard-01/sam_worker_config.json"",""sam31-quality-existing-smoke-v6-20260927/shards/shard-01/source_frames.jsonl"",""sam31-quality-existing-smoke-v6-20260927/shards/shard-01/training_samples.jsonl""]"	[]
sam31-quality-existing-v2-20260927-full	quality_campaign	SAM3.1 inference, mask quality, or full quality campaign outputs	dir	1790539510045608706	4	1	1036096	3	0	complete	794	3616896870	13	0	0	1	[]	"[""sam31-quality-existing-v2-20260927-full/shards/shard-00/sam_worker_config.json""]"	[]
sam31-quality-existing-v2-20260927-full-r6	quality_campaign	SAM3.1 inference, mask quality, or full quality campaign outputs	dir	1790540817586490598	14	7	5087167	7	0	complete	2127	7309172298	60	96	0	6	[]	"[""sam31-quality-existing-v2-20260927-full-r6/build_plan.json"",""sam31-quality-existing-v2-20260927-full-r6/shards/shard-00/sam_worker_config.json"",""sam31-quality-existing-v2-20260927-full-r6/shards/shard-01/sam_worker_config.json"",""sam31-quality-existing-v2-20260927-full-r6/shards/shard-02/sam_worker_config.json"",""sam31-quality-existing-v2-20260927-full-r6/shards/shard-03/sam_worker_config.json"",""sam31-quality-existing-v2-20260927-full-r6/shards/shard-04/sam_worker_config.json""]"	[]
sam31-quality-existing-v2-20260927-full-r7	quality_campaign	SAM3.1 inference, mask quality, or full quality campaign outputs	dir	1790551800100432258	54	29	42969117	25	0	complete_with_pruned_media_dirs	6875	245645981	1125	0	0	27	[]	"[""sam31-quality-existing-v2-20260927-full-r7/shards/shard-01/sam_worker_result.json"",""sam31-quality-existing-v2-20260927-full-r7/shards/shard-01/shard_manifest.json"",""sam31-quality-existing-v2-20260927-full-r7/shards/shard-02/sam_worker_result.json"",""sam31-quality-existing-v2-20260927-full-r7/shards/shard-02/shard_manifest.json"",""sam31-quality-existing-v2-20260927-full-r7/shards/shard-03/sam_worker_result.json"",""sam31-quality-existing-v2-20260927-full-r7/shards/shard-03/shard_manifest.json"",""sam31-quality-existing-v2-20260927-full-r7/shards/shard-04/sam_worker_result.json"",""sam31-quality-existing-v2-20260927-full-r7/shards/shard-04/shard_manifest.json"",""sam31-quality-existing-v2-20260927-full-r7/build_plan.json"",""sam31-quality-existing-v2-20260927-full-r7/failed_shards/shard-00-initial-flash-failure/sam_worker_config.json"",""sam31-quality-existing-v2-20260927-full-r7/shards/shard-00/sam_worker_config.json"",""sam31-quality-existing-v2-20260927-full-r7/shards/shard-01/quality_audit.jsonl""]"	"[""sam31-quality-existing-v2-20260927-full-r7/failed_shards/shard-00-initial-flash-failure/reconstructed_sources"",""sam31-quality-existing-v2-20260927-full-r7/shards/shard-00/reconstructed_sources"",""sam31-quality-existing-v2-20260927-full-r7/shards/shard-02/reconstructed_sources"",""sam31-quality-existing-v2-20260927-full-r7/shards/shard-04/reconstructed_sources""]"
sam31-quality-existing-v3-guidance-validation-20260928	quality_campaign	SAM3.1 inference, mask quality, or full quality campaign outputs	dir	1790559077273676032	14	10	143674	4	0	complete	16	294883	11	0	0	8	[]	"[""sam31-quality-existing-v3-guidance-validation-20260928/shards/shard-00/sam_worker_result.json"",""sam31-quality-existing-v3-guidance-validation-20260928/shards/shard-00/shard_manifest.json"",""sam31-quality-existing-v3-guidance-validation-20260928/smoke_manifest.json"",""sam31-quality-existing-v3-guidance-validation-20260928/build_plan.json"",""sam31-quality-existing-v3-guidance-validation-20260928/shards/shard-00/quality_audit.jsonl"",""sam31-quality-existing-v3-guidance-validation-20260928/shards/shard-00/sam_worker_config.json"",""sam31-quality-existing-v3-guidance-validation-20260928/shards/shard-00/source_frames.jsonl"",""sam31-quality-existing-v3-guidance-validation-20260928/shards/shard-00/training_samples.jsonl""]"	[]
sam31-quality-existing-v3-point-guided-20260928-full	quality_campaign	SAM3.1 inference, mask quality, or full quality campaign outputs	dir	1790573183181471455	37	16	36054208	21	0	complete_with_pruned_media_dirs	6742	269883787	1052	0	0	14	[]	"[""sam31-quality-existing-v3-point-guided-20260928-full/shards/shard-01/sam_worker_result.json"",""sam31-quality-existing-v3-point-guided-20260928-full/shards/shard-01/shard_manifest.json"",""sam31-quality-existing-v3-point-guided-20260928-full/shards/shard-02/sam_worker_result.json"",""sam31-quality-existing-v3-point-guided-20260928-full/shards/shard-02/shard_manifest.json"",""sam31-quality-existing-v3-point-guided-20260928-full/build_plan.json"",""sam31-quality-existing-v3-point-guided-20260928-full/shards/shard-00/sam_worker_config.json"",""sam31-quality-existing-v3-point-guided-20260928-full/shards/shard-01/quality_audit.jsonl"",""sam31-quality-existing-v3-point-guided-20260928-full/shards/shard-01/sam_worker_config.json"",""sam31-quality-existing-v3-point-guided-20260928-full/shards/shard-01/source_frames.jsonl"",""sam31-quality-existing-v3-point-guided-20260928-full/shards/shard-01/training_samples.jsonl"",""sam31-quality-existing-v3-point-guided-20260928-full/shards/shard-02/quality_audit.jsonl"",""sam31-quality-existing-v3-point-guided-20260928-full/shards/shard-02/sam_worker_config.json""]"	"[""sam31-quality-existing-v3-point-guided-20260928-full/shards/shard-00/reconstructed_sources"",""sam31-quality-existing-v3-point-guided-20260928-full/shards/shard-01/reconstructed_sources"",""sam31-quality-existing-v3-point-guided-20260928-full/shards/shard-02/reconstructed_sources""]"
sam31-quality-existing-v4-framewise-20260928-full	quality_campaign	SAM3.1 inference, mask quality, or full quality campaign outputs	dir	1790586141390500768	30	13	18454187	17	0	complete_with_pruned_media_dirs	46383	1064926556	492	0	0	12	[]	"[""sam31-quality-existing-v4-framewise-20260928-full/shards/shard-00/sam_worker_result.json"",""sam31-quality-existing-v4-framewise-20260928-full/shards/shard-01/sam_worker_result.json"",""sam31-quality-existing-v4-framewise-20260928-full/build_plan.json"",""sam31-quality-existing-v4-framewise-20260928-full/shards/shard-00/quality_audit.jsonl"",""sam31-quality-existing-v4-framewise-20260928-full/shards/shard-00/sam_worker_config.json"",""sam31-quality-existing-v4-framewise-20260928-full/shards/shard-00/source_frames.jsonl"",""sam31-quality-existing-v4-framewise-20260928-full/shards/shard-00/training_samples.jsonl"",""sam31-quality-existing-v4-framewise-20260928-full/shards/shard-01/quality_audit.jsonl"",""sam31-quality-existing-v4-framewise-20260928-full/shards/shard-01/sam_worker_config.json"",""sam31-quality-existing-v4-framewise-20260928-full/shards/shard-01/source_frames.jsonl"",""sam31-quality-existing-v4-framewise-20260928-full/shards/shard-01/training_samples.jsonl"",""sam31-quality-existing-v4-framewise-20260928-full/shards/shard-02/sam_worker_config.json""]"	"[""sam31-quality-existing-v4-framewise-20260928-full/shards/shard-01/reconstructed_sources""]"
sam31-quality-existing-v4-framewise-smoke-20260928	quality_campaign	SAM3.1 inference, mask quality, or full quality campaign outputs	dir	1790573515054997704	18	10	193998	8	0	complete	181	4622027	25	0	0	8	[]	"[""sam31-quality-existing-v4-framewise-smoke-20260928/shards/shard-00/sam_worker_result.json"",""sam31-quality-existing-v4-framewise-smoke-20260928/shards/shard-00/shard_manifest.json"",""sam31-quality-existing-v4-framewise-smoke-20260928/smoke_manifest.json"",""sam31-quality-existing-v4-framewise-smoke-20260928/build_plan.json"",""sam31-quality-existing-v4-framewise-smoke-20260928/shards/shard-00/quality_audit.jsonl"",""sam31-quality-existing-v4-framewise-smoke-20260928/shards/shard-00/sam_worker_config.json"",""sam31-quality-existing-v4-framewise-smoke-20260928/shards/shard-00/source_frames.jsonl"",""sam31-quality-existing-v4-framewise-smoke-20260928/shards/shard-00/training_samples.jsonl""]"	[]
sam31-quality-gpu1-sdpa-smoke-20260928	quality_campaign	SAM3.1 inference, mask quality, or full quality campaign outputs	dir	1790546910012685703	6	3	9646	3	0	complete	3	9646	3	0	0	2	[]	"[""sam31-quality-gpu1-sdpa-smoke-20260928/build_plan.json"",""sam31-quality-gpu1-sdpa-smoke-20260928/shards/shard-00/sam_worker_config.json""]"	[]
sam31-quality-gpu1-sdpa-smoke-r2-20260928	quality_campaign	SAM3.1 inference, mask quality, or full quality campaign outputs	dir	1790547333588467318	14	10	142049	4	0	complete	16	293432	11	0	0	8	[]	"[""sam31-quality-gpu1-sdpa-smoke-r2-20260928/shards/shard-00/sam_worker_result.json"",""sam31-quality-gpu1-sdpa-smoke-r2-20260928/shards/shard-00/shard_manifest.json"",""sam31-quality-gpu1-sdpa-smoke-r2-20260928/smoke_manifest.json"",""sam31-quality-gpu1-sdpa-smoke-r2-20260928/build_plan.json"",""sam31-quality-gpu1-sdpa-smoke-r2-20260928/shards/shard-00/quality_audit.jsonl"",""sam31-quality-gpu1-sdpa-smoke-r2-20260928/shards/shard-00/sam_worker_config.json"",""sam31-quality-gpu1-sdpa-smoke-r2-20260928/shards/shard-00/source_frames.jsonl"",""sam31-quality-gpu1-sdpa-smoke-r2-20260928/shards/shard-00/training_samples.jsonl""]"	[]
sam31-unification	quality_campaign	SAM3.1 inference, mask quality, or full quality campaign outputs	dir	1790503744934098130	81	64	1619624989	17	0	complete_with_pruned_media_dirs	3545	1715214035	44	0	0	25	[]	"[""sam31-unification/pilot-v1-20260927-run-05/dataset_manifest.json"",""sam31-unification/pilot-v1-20260927-run-03/alcaraz_highlights_scene_000/sam31_result.json"",""sam31-unification/pilot-v1-20260927-run-03/alcaraz_highlights_scene_010/sam31_result.json"",""sam31-unification/pilot-v1-20260927-run-03/alcaraz_perricard_scene_007/sam31_result.json"",""sam31-unification/pilot-v1-20260927-run-05/alcaraz_highlights_scene_000/sam31_result.json"",""sam31-unification/pilot-v1-20260927-run-05/alcaraz_highlights_scene_010/sam31_result.json"",""sam31-unification/pilot-v1-20260927-run-05/alcaraz_perricard_scene_007/sam31_result.json"",""sam31-unification/pilot-v1-20260927-run-01/alcaraz_highlights_scene_000/sam31_worker_config.json"",""sam31-unification/pilot-v1-20260927-run-01/preflight.json"",""sam31-unification/pilot-v1-20260927-run-02/alcaraz_highlights_scene_000/sam31_worker_config.json"",""sam31-unification/pilot-v1-20260927-run-02/preflight.json"",""sam31-unification/pilot-v1-20260927-run-03/alcaraz_highlights_scene_000/sam31_worker_config.json""]"	"[""sam31-unification/pilot-v1-20260927-run-05/panels""]"
tests	test_artifacts	test outputs and generated fixtures; not paper evidence by directory name alone	dir	1788020378880223996	14162	11060	365389723	3102	0	complete_with_pruned_media_dirs	11502	366875867	3317	0	0	108	[]	"[""tests/20260630_101408/transport/chunk_e2e_mock_0001/metadata.msgpack"",""tests/20260630_101655/transport/chunk_e2e_mock_0001/metadata.msgpack"",""tests/20260630_111624/transport/chunk_e2e_mock_0001/metadata.msgpack"",""tests/20260708_105340/transport/chunk_e2e_mock_0001/metadata.msgpack"",""tests/20260708_110156/transport/chunk_e2e_mock_0001/metadata.msgpack"",""tests/20260708_144221/transport/chunk_e2e_mock_0001/metadata.msgpack"",""tests/20260709_155808/transport/chunk_e2e_mock_0001/metadata.msgpack"",""tests/20260709_160438/transport/chunk_e2e_mock_0001/metadata.msgpack"",""tests/20260709_161028/transport/chunk_e2e_mock_0001/metadata.msgpack"",""tests/20260709_164826/transport/chunk_e2e_mock_0001/metadata.msgpack"",""tests/20260709_165418/transport/chunk_e2e_mock_0001/metadata.msgpack"",""tests/20260709_170532/transport/chunk_e2e_mock_0001/metadata.msgpack""]"	"[""tests/20260709_165418/decoded"",""tests/20260709_170532/decoded"",""tests/20260710_001702/decoded"",""tests/20260710_002534/decoded"",""tests/20260710_093015/decoded"",""tests/20260710_093412/decoded"",""tests/20260710_100019/decoded"",""tests/20260710_105934/decoded"",""tests/20260710_110538/decoded"",""tests/20260710_111011/decoded"",""tests/20260710_111503/decoded"",""tests/20260710_134716/decoded"",""tests/20260710_135701/decoded"",""tests/20260710_140844/decoded"",""tests/20260710_143547/decoded"",""tests/20260710_165240/decoded"",""tests/20260711_012422/decoded"",""tests/20260711_013143/decoded"",""tests/20260711_013734/decoded"",""tests/20260711_014207/decoded"",""tests/20260711_015438/decoded"",""tests/20260711_015602/decoded"",""tests/20260711_020934/decoded"",""tests/20260711_021343/decoded"",""tests/20260711_022250/decoded"",""tests/20260711_023114/decoded"",""tests/20260711_023545/decoded"",""tests/20260711_024019/decoded"",""tests/20260711_031106/decoded"",""tests/20260711_031526/decoded"",""tests/20260711_093636/decoded"",""tests/20260711_094129/decoded"",""tests/20260711_095642/decoded"",""tests/20260711_105426/decoded"",""tests/20260711_142623/decoded"",""tests/20260711_193104/decoded"",""tests/20260711_194133/decoded"",""tests/20260712_000111/decoded"",""tests/20260712_001213/decoded"",""tests/20260712_002256/decoded"",""tests/20260712_093551/decoded"",""tests/20260712_094140/decoded"",""tests/20260712_094713/decoded"",""tests/20260712_095305/decoded"",""tests/20260721_230006/decoded"",""tests/20260721_231236/decoded"",""tests/20260721_235633/decoded"",""tests/20260722_000109/decoded"",""tests/20260722_001402/decoded"",""tests/20260722_002738/decoded"",""tests/20260722_095037/decoded"",""tests/20260722_135413/decoded"",""tests/20260722_135936/decoded"",""tests/20260722_141109/decoded"",""tests/20260722_143718/decoded"",""tests/20260722_144235/decoded"",""tests/20260722_145106/decoded"",""tests/20260722_145519/decoded"",""tests/20260722_205555/decoded"",""tests/20260722_214836/decoded"",""tests/20260722_215509/decoded"",""tests/20260722_215824/decoded"",""tests/20260722_220614/decoded"",""tests/20260722_221018/decoded"",""tests/20260722_221330/decoded"",""tests/20260722_221707/decoded"",""tests/20260722_222005/decoded"",""tests/20260722_222312/decoded"",""tests/20260722_223018/decoded"",""tests/20260722_223429/decoded"",""tests/20260722_223808/decoded"",""tests/20260722_224159/decoded"",""tests/20260820_221902/decoded"",""tests/20260823_084848/decoded"",""tests/20260823_085012/decoded"",""tests/20260823_085128/decoded"",""tests/20260823_085949/decoded"",""tests/20260823_104447/decoded"",""tests/20260823_104645/decoded"",""tests/20260823_110943/decoded"",""tests/20260823_113037/decoded"",""tests/20260823_114418/decoded"",""tests/20260823_134821/decoded"",""tests/20260823_134938/decoded"",""tests/20260823_135052/decoded"",""tests/20260823_141604/decoded"",""tests/20260823_141735/decoded"",""tests/20260823_153332/decoded"",""tests/20260823_165955/decoded"",""tests/20260823_170802/decoded"",""tests/20260823_170920/decoded"",""tests/20260823_171103/decoded"",""tests/20260823_171232/decoded"",""tests/20260823_181352/decoded"",""tests/20260823_201857/decoded"",""tests/20260823_202040/decoded"",""tests/20260823_204326/decoded"",""tests/20260823_221744/decoded""]"
video-codec-probe	probe_or_misc	probe/smoke/diagnostic outputs	dir	1790071477153261558	16	12	2297115	4	0	complete	61	20312647484	22	0	0	2	[]	"[""video-codec-probe/federer007.json"",""video-codec-probe/federer007/vvc-wrapper-probe.json""]"	[]
