path	bytes	sha256
20260610_182152_465478/run_summary.json	1635	e4d1963cd1fb5b33d831589ce2e98106eb5586600b08314ca06e0e3fa711439f
20260611_063408_954108/run_summary.json	1635	0e8da39205fba0ad03542e185f3c9d802d5c1777231932aaf1e1ba343bb9369b
20260611_064030_257190/run_summary.json	1637	b1854a955f505b068a392591206f8880f0ea1842b58eef798217382068f4e7ac
20260611_070339_787671/run_summary.json	3342	2a8ce8f0c577c38b87ee9922c797f5872e6900b25815bfbb4a6890efe9178aee
20260611_070758_903937/run_summary.json	3328	e08557437c9391bb4fb4f3eb72cb433dd0f9b4566c37ad4bcef747cdc003acf2
20260611_071446_695013/run_summary.json	2370	1374a8ab1e36408bde757665312344aa13e52d3871877d11dbbc672b2a42b0b4
20260611_072500_651949/run_summary.json	2615	4eaaf653629e274e440b1ae8d01c21e2892d8f78d46256dfd1fa8e8a834fe596
20260611_073539_382810/run_summary.json	2787	73f6e7c0329cb6a7c7ac02e54c0842817897375c94e01d78bf85bdb14c1ef678
20260611_074329_655909/run_summary.json	2688	5ffcc8a3cdce368cdd9b1f76c8cadcec4ac565098de2536ca26e098ddfe43372
20260611_074846_407715/run_summary.json	2692	391e3d587d63e185046b107ca63c7ca155147e3ae3b3c70c99247d16a2c41e1e
20260629_102126_823233/run_summary.json	2689	ac89abc8b49c4c68906932a8095b7c422180660063d57b59f2a31ed3fb939a99
20260702_123203_610276/run_summary.json	2722	575e9bdcb733db0481017919fde2da70ccd958c86dfbc0013e49bf538add0bfb
20260706_155406_352230/run_summary.json	2717	75d55c6e32fb057a88ca8b318f5efcd0d04e230257e5b795529eae33b59bdbdb
20260707_132400_690120/run_summary.json	2716	979de3bf4d3f6891f393dc6ad90fa75c3e32a847f4dcc53d8beda2755d282776
20260707_132621_666693/run_summary.json	2717	0073d2d1edf09fcaa80431839b0b54e1d5e010f30b46ad256d7812e99edef2ed
20260707_132855_342866/run_summary.json	2719	ddc3d40a400b688e391621fcaf1188d0a3ea6c4f21886f6cbef38eaa4d970681
20260708_090746_135641/run_summary.json	2715	fc0ea8efa7e41212c9daf186ecf69eeb5f542348a507b19b32a443274f9d4e76
20260708_093710_385853/run_summary.json	2715	f18c59c417af4cf839174d976d3d29130b1c157e24da9e01ccf16e1fe64415cb
20260708_100043_225774/run_summary.json	2724	114c387eb7af49eb9c2e1719ff5754a478163a7ec10cf92a7fac182a1ec9da1c
20260708_100957_830172/run_summary.json	2723	c081baface1073ab59ad619320fad0173480043a69aca5531121d54c6abac740
20260708_132647_263803/run_summary.json	2698	24c77612fe84709af1271f68c8ca45e239736c767c46f4c9df273d85066147ea
20260708_173710_383144/run_summary.json	2701	17601956de01627dc04eda41903a41f8a6873a018ea5da72329fac5f5a99407a
20260708_203613_869715/run_summary.json	2707	fb622097d375f07fef5405473abbb5eb026be9c4cfc2713e464df787bacfa0d6
20260709_141414_625083/run_summary.json	2808	a68afbe865f22c1527938c10e00cabe30a169654acd2d382e2dd784766debefe
20260709_150929_285546/run_summary.json	2808	15015f0ef3c284601872e4e5fd2485df3e4bd179fb1c0e347cb15581b0324cde
20260709_221319_778070/run_summary.json	2671	011e336d5a73f0969b36c209a67024ee74142baa46e43a881efd537272649099
20260709_221714_389957/run_summary.json	2675	96e05bc7ce53ab01bd5af415db5f3a33374c21d14467a549250621ecd909dd98
20260710_073413_862055/run_summary.json	2759	0e03e6f585ab57cdff4a81b252ee9b90c54b31e8d1300e227785dba317b7831d
20260710_073844_816285/run_summary.json	2602	44f981f512f666fc42791363d8140bee3bad5e53b33896141f723774ff624933
20260710_074235_874342/run_summary.json	2593	356bf484d639496d9fc56200311d2f86ea743794a47919a4b7e1e0607b547b8f
20260710_080529_146352/run_summary.json	2756	1060bc291ebf4960b23c1be1ae21363b0d2ac20e21ad914e17aaab00f68bc944
20260710_121416_601979/run_summary.json	2632	4cb36c156758ba8476dbe88675f8e065b515aed51ad24f77460ea72f07ff24fc
20260710_124449_288300/run_summary.json	2627	c9857bc135d3c396a90438ba499673e704be10ab4a694b074a1dd594a6054417
20260710_133850_259669/run_summary.json	2634	a23d20f75516a5ffb520eed0de1259c278505d6a6503d83c4eccc4ece82400e1
20260710_140638_567946/run_summary.json	2632	88749e5a1ce7b8a7f04203188732102d1126f8a68fce3809e888a39df5d7ce6b
20260710_144136_542639/run_summary.json	2790	079fa517eaf8915b6a279e9d960b48f3187cd69621c6b1ae87b359b7be70d9c0
20260710_151054_636710/run_summary.json	2787	c942abeaadf9e375eec167755dda43976f6b6817c33f3e36ae090642ecbd7bae
20260710_154141_878240/run_summary.json	2789	12f12e3203909c9c9d8ae5165326b79d8f5499a2d1139e6addffb4574936589d
20260710_201524_487050/run_summary.json	2786	d8d55df04ab8fd8b1f5b54318d8009989f8e563537803037010b2b29b23a1de1
20260710_204642_966849/run_summary.json	2787	02e05cf57b3d335d25f31125f770db3c1300bc4e24a449380d3648d1b16db906
20260710_211734_419673/run_summary.json	2785	de375ac96a2fa4a1b52debcf48b4c0efccb56c0bbdf8ee826b96e3fb5cbb511d
20260710_214746_004819/run_summary.json	2789	5f250ac6a17bdb54b08473384b5fe2612c70e4564b5046abc58b01c3d4694b0b
20260710_221738_093060/run_summary.json	2792	ac77da7ea5de49d1404bf115c642c5c294a76b6430f081bef51011d04f011126
20260710_224741_408520/run_summary.json	2779	88e19ea5efacd1ab59e2849e446099b381797b79d3b9755a127236f20c60dcae
20260710_231604_564889/run_summary.json	2780	2af214a20ee48b0b20a5738a7bbc9b628c512082c78e10b4d620cd095cffbef7
20260710_234603_892275/run_summary.json	2773	f62ce9a555fd80a1aec4a1d57b3d16ac3f2759a6990b11366ccf57f763361bd3
20260711_223255_853536/run_summary.json	2897	dd49fe887bd2ee3f2a7cde6a18815b9c5b072f9df67a8a32b068e20a015549a9
20260711_230408_402989/run_summary.json	2891	0fd4c97d2727d03256db85a533e697a95c6edced1d2cf99994aadae13ce80322
20260711_233142_535554/run_summary.json	2887	a995f24cdcdfe2de8ce1461e5cb13f099b1951c7aab1d8412ab4815e7d159a65
20260711_235921_644810/run_summary.json	2875	e005dd7261bd4f24c2a5e9244962bbaf823f57a7f5ede6b0c0007f8f7a8e7bce
20260712_002806_564661/run_summary.json	2886	3a44f684109b63d9e7efe312b61b563fcac06cfdc19ea5e87ce09d191188f68f
20260712_005716_569644/run_summary.json	2875	a06e05e265c6635e32557287e3e761bc553d9adf091a98fd03598d044d86c8ad
benchmarks/ablation-dynamic-thresholding_20260710_221518/manifest.json	2050	6d011ea5d0da5d8ed6831d9f5ffc124f3c592712a5fc87409b666086d585e925
benchmarks/ablation-dynamic-thresholding_20260710_221518/report.json	2600	710b796319687fbb7f6ff0e2c827283f37413cec5cd0c386004be3db975b89df
benchmarks/ablation-dynamic-thresholding_20260710_221518/report.md	1048	b7f745a5b4d03e60f7b6ddec9094e685026caf53911a2c2de8b14a06bc7aca9d
benchmarks/ablation-dynamic-thresholding_20260711_001729/manifest.json	2050	3aa8829d902d8c15683cb25ef59a6023436822fabb8fde026584bcc3690b3c7a
benchmarks/ablation-dynamic-thresholding_20260711_001729/report.json	2572	836ddfe82a92ec4f6f9045b735be6f6dad4a865fbc5af43822e9ad0c2376019a
benchmarks/ablation-dynamic-thresholding_20260711_001729/report.md	1062	1be824ccbb0ab19845e02d6fdaddb0f7dae357b0a24eab9196dc7eedf72c0353
benchmarks/ablation-panorama-quality_20260710_164128/manifest.json	1598	379f4b0f352e98e5d6ae2f1cd109c1b629257cc7714b760ca15e416c9dec2b81
benchmarks/ablation-panorama-quality_20260710_164128/report.json	2002	f24af65dc64452c41b45b31bbc7f4997452a01999cddbf622ae761b9db7ebe3b
benchmarks/ablation-panorama-quality_20260710_164128/report.md	962	59b0182735913ced60655d09d867e1d0eceeb8cd714a71422c6967dc42d1ca96
benchmarks/ablation-racket-heuristics_20260710_141407/manifest.json	1174	35b0cb5e9422230822fece8de646724c9696f00ab3cc78bce8ae4b7c06019d69
benchmarks/ablation-racket-heuristics_20260710_141407/report.json	1307	887140702fcc3f709721e51d8a9e2b90caf72ba367e82ae241c72ed6e1e29b90
benchmarks/ablation-racket-heuristics_20260710_141407/report.md	812	e3931af123f63a0352f38c0143f151c432cc8866a9f7f6814b6423919d30bb0a
benchmarks/ablation-racket-heuristics_20260710_153843/manifest.json	1177	fea34bd35da2252935566ea056938eaa5bdf992e31821f91ae50edecba5f6e72
benchmarks/ablation-racket-heuristics_20260710_153843/report.json	1306	3f9e090707e4072dd20d205f89934710a40d3651b7fdc158a9c3ef3dc87dbb70
benchmarks/ablation-racket-heuristics_20260710_153843/report.md	812	2a378f1e1d30d9cdff572058130a3b5eca744d81d17c608920ea6d31bf2cd6d5
benchmarks/ablation-residual-compression_20260712_003235/manifest.json	3253	c6a9df0052a3a8c95f1b96f1fd23cbbc0d639fcbae07d496209171c9ff1db299
benchmarks/ablation-residual-compression_20260712_003235/report.json	3874	d88a9319908bb487dafd1b603ee5ab46eeadc30c6127c0f7a4831118279b1004
benchmarks/ablation-residual-compression_20260712_003235/report.md	1353	d8eee3c14e73da1949f96232ba509e3e46d520c7a818093a5e3e92ffb547ff50
benchmarks/example-panorama-quality_20260710_001315/manifest.json	1101	f52933ad5bb351991e3a6c3e80ac1c50bbc3efb45ba18b2b8f1c90ceb601405f
benchmarks/example-panorama-quality_20260710_001315/report.json	1286	a2a1af3ac9add42f420425f546a6a8cb7b0d91caf461afd5ab94516be77ac4d4
benchmarks/example-panorama-quality_20260710_001315/report.md	966	ac47b4c381a8f0419683aea04e435200e87669faf19f23891f7e45bb218c6c6d
benchmarks/example-panorama-quality_20260710_093837/manifest.json	1101	9d6efe0db6511ed3a9d7a72c71611dc736cc1067e17e47727bf21be1fe3604af
benchmarks/example-panorama-quality_20260710_093837/report.json	1305	3aea56e907409e64ddea365f49cfb83dd90c42e0ae4c4538f2adec5c82c58044
benchmarks/example-panorama-quality_20260710_093837/report.md	803	19eb433feeaf175b03ac999c7249c0ece50f584cb2ff0e832c5b8e3803fbf748
bp12-baselines/summary.json	16627	c9b268b4373a25bb198fe590a6cbff1543c434821ac6cab615cebc333a045a4a
bp12-clip-roster/report.json	16076	7ea681d3630d9c83cc9f02fa90170d47ab259ec5190411f996353931e9b17cef
bp12-clip-roster/summary.json	51268	23d3901df5093938e535754662cce59ffae0d9a4fef03e766d62410de7418a52
bp13-headroom/report.json	4551	7fd09d1d9cac60f1d7262c4b07f6eb701f2b0ad79d889d01313faff426247b7d
bp17-caption/bounds.json	1646	77e8162918aea4c7d6e25859b343ec337aefaf427864c55a50fe52b2315b7e8b
bp17-caption/summary.json	32509	e08a09914a085e26416bda4ca12b8bcdce2a068246c782aa0b75424c47362400
bp19-conditioning/bounds-before-run.json	2267	b390495208fc7b054aee830283da9b31e2dfd1d7018e57ceda4075e03088dd26
bp19-conditioning/ip-adapter-smoke/bounds.json	855	2e19983da69acb0cc2ae2dd13a1a65c1dafd853fa938879f913da90737843b49
bp19-multi-controlnet-missing-dir/summary.json	17801	00e09ccf938b89254478df25672176acfbab7d17cc17f86c66063e026a241917
bp19-multi-controlnet/summary.json	20578	b9458a6bbf75b3e962baf464597a96a8e382632ef95cf8e0500a7ab51d157a57
bp20-headroom/report.json	33311	d04d0fe223c30109b03ec9ce1a645147166d9fbc2e81a0220850f161673619fb
bp21-headroom/bounds-before-run.json	2412	f6c808ed0f3ae71d1c80b720a710f104efb54f2c26d5df49b9863cf6241ea220
bp23-tier/bounds-before-run.json	8160	48385fa7cd72a919c0225a15ffd43c03ead40287db9fab4da0e6050b9454073b
bp23-tier/metric-calibration.json	1276	14bcda336b414c67798f4f0990b25c1f18294dbb85265898d8806b6d33d5cb2e
bp23-tier/report.json	19150	aef2295977de2088fd99412457cbea8a147db2d055c54cfd2faa22d24073008e
bp24-encoder/bounds-before-run.json	1850	5f323fd480fe7a287c09470d71901cef6f51c345ffcb502faf1240a7ec5f3a06
bp24-ladder/bounds-before-run.json	9079	19152f1337eb7eb492048114118e90c5f59a90dcc9f720348b5f0c1f0e2c11f2
bp25-ip-adapter/bounds-before-run.json	1843	f8aad89ed6732707bbbb2b66e7256a64d28a95e5f0eeb0e343aa54670f4b8130
bp25-ip-adapter/report.json	9879	afb13426787a258bbaa6eb63ad12bc0995b995e5884f6fa35aaf6011faa45c20
bp26-config/bounds-before-run.json	6659	6d8e54a4eb2a7246a6d358af20d9ac6e9ada38c700e256311e4785af1387e0f9
bp29-intra-sidecar/bounds-before-run.json	5174	fd32d66867fc7a10d4963099688004ca85a1d28f4b6a59ccb91cc6d1baeff709
bp29-low-rate/bounds-before-run.json	9998	78be4dc4188c47d4cdc84b6e0f3dbbdb9e949ff93495b50a4d82361904f0d91e
bp29-panorama/bounds-before-run.json	6986	75f996ad09420c359e5e15d8723408a3abbe194dadbfa7f82905c4cd6604ac80
bp29-panorama/report.json	32618	e86a2969893106ac96969fcae43f01db60d5b94363ffaa25ad0977d0d3336e63
bp29-plate-codec/bounds-before-run.json	5904	504fdf0fe53141ea55808ffaea88d66d47f204983f36235050d13b6cdb60bc93
bp30-background/bounds-before-run.json	2168	d7af52b2208f441155a7512649961aae2fab81b8c1da3b943639c2c18a77bb4c
bp31-ladder/bounds-before-run.json	6612	d4a507aa2230f877c2ccb1a446abdfd4cca4bf66a3ac61319e62906529b49d0e
bp44-canonical-canvas/bounds-before-run.json	2233	b13d517a285fc50dc3452f02a5d20de52763cf17ea059cab372f4f833dcbbf1a
bp45-low-rate/bounds-before-run.json	4208	9220f78a77fe6edd1460851b893eb7bf4158f27cc2f48bb914c7b36dbc6ba73c
bp45-low-rate/metric-calibration.json	1276	14bcda336b414c67798f4f0990b25c1f18294dbb85265898d8806b6d33d5cb2e
bp47-e1-preflight/bounds-before-run.json	2765	7482620874c26be655fc58a51a13f7b54fe16ba639e986a6269224a3c25fc571
bp49-native-recovery/bounds-before-run.json	3945	c5baa95dfadd2784bb6405c98145fe89fb23db4556bbe21acdbbead79545d7d7
bp52-background-crf/bounds-before-run.json	1793	3f92b06a68b554156e4f894e5fc16198d380bef9096400ccfce37eb2f7e8c1d6
bp53-background-scale/bounds-before-run.json	1775	6330309adea31cc4315f9ea1e9625da30c9f73b5981695a190f254a6bffe1745
bp56-background-effort/bounds-before-run.json	1889	4cd4916f09e880810ddc76b3ec0811804efe6bc658422c26ce59e3d9a7a45994
codec_baselines/20260710_164414/report.json	3527	75409038915143c531bb972e1dc0262e3a7bcbd84275c23fee19f307b3fcc6b0
codec_baselines/20260710_164414/report.md	825	f4ce1926eaa51b36060e803e083b9898cb075ad28d51a4fd0c343add87910ecd
codec_baselines/20260710_222256/report.json	3559	2bff5db47f7e0455f92b5f83d027bb3ca0057cb64e648796ca13bc068fa9a020
codec_baselines/20260710_222256/report.md	828	906c1621ba0dd2c3739d76ab09509fd3ecb82daa47220d2d9d133aa30560af59
codec_baselines/20260710_224721/report.json	7145	696ba30046c2f7e600a001c47ad4aefc2cca14e9c90eb2e9f65fb5c315688cbe
codec_baselines/20260710_224721/report.md	1442	6eba4f1d11ef3f6e90d92f6b94c2e045f42fce8d369910f702381e4c05112373
development-recovery/pilot-frozen/experiment-identity.json	1311	07044f86c13c6a4cd5a57f781269e7fb02e19586b7098f3058b5f20e704098d2
development-recovery/pilot-frozen/metric-calibration.json	1605	ed40e62e552789ad14a6b279af09e28ec4a56eb5fe61488e9bd2caaf4d33a1f8
development-recovery/pilot-frozen/tool-identity.json	1100	83e2d5c2e28d94e0eadb9cc7be74db716662ecbf56b871c022a41c16429b5d65
development-recovery/residual-high-fidelity/experiment-identity.json	1364	82c2c926685422c2973f7cf44d904755b47b2fa38bdac5ac3801ab9a2b578871
development-recovery/residual-high-fidelity/metric-calibration.json	1783	8457f4de7bd06e460facad2b547c354f60ccf8ced2a95765c141a78cf74233ea
development-recovery/residual-high-fidelity/tool-identity.json	1100	83e2d5c2e28d94e0eadb9cc7be74db716662ecbf56b871c022a41c16429b5d65
development-recovery/wave2-background-probe/bounds.json	1327	2767d9593424e6a9b53b7bc2269c2a5b1ff1f7c686e1561d553ea5339f7e9d3b
development-recovery/wave2-background-probe/probe_report.json	7270	c12b490085cb197ddcb26eabbd36e4ded846446418fe7d15d47dacda7851f3b7
development-recovery/wave2-background-probe/summary_table.csv	624	6eb2b8df41dae26ecef0c26b079aea6416f66889d4656295eb02df5cee53ab6c
development-recovery/wave2-background-probe/summary_table.md	799	b166198e48172a3cabbae665ec38fef48bf668d77a08f93eba773bba352f5a49
development-recovery/wave2-overlap-20260910/bounds.json	2291	3b2bc898538be284a7b590e1792ac26ceb6c1dedd43452947f9df8efb17f45c1
development-recovery/wave2-overlap-20260910/experiment-identity.json	1364	df3da27ab3fbdd7059a977eb0f17e980fec6b43069c988eeb40caf018413ca0d
development-recovery/wave2-overlap-20260910/metric-calibration.json	8371	76dc09bd0789dd7d2bd2dd35e279ba04ab80caaf7d647fdd507aa6d21329b18a
development-recovery/wave2-overlap-20260910/tool-identity.json	1100	83e2d5c2e28d94e0eadb9cc7be74db716662ecbf56b871c022a41c16429b5d65
development-recovery/wave2-platefix-20260910/bounds.json	2584	2009ece832c7da8303529bef5390dadaf22551bef228194fec62ab0d825b158a
development-recovery/wave2-prelaunch-bounds.json	2477	2f636fa700956917c5d7e5230d244e846401438c8177064d4afa8f1cd96eb024
development-recovery/wave2-repaired-20260910/bounds.json	2584	2009ece832c7da8303529bef5390dadaf22551bef228194fec62ab0d825b158a
development-recovery/wave2-repaired-20260910b/bounds.json	2584	2009ece832c7da8303529bef5390dadaf22551bef228194fec62ab0d825b158a
development-recovery/wave2-repaired-20260910c/bounds.json	2584	2009ece832c7da8303529bef5390dadaf22551bef228194fec62ab0d825b158a
evaluation-20260914/e03b/run-20260916-federer007/bounds.json	1334	77c30b5b2d81da8bd8abe50e41150571db9d7615bcbdf3ee0657f1cbdb5c2d9a
evaluation-20260914/e03b/run-20260916-federer007/metric-calibration.json	4557	79ba3744aa89d63a0e4cf8454e5dc10f1547aff39dbccd1ea2d65a6f63f43696
evaluation-20260914/e04a/run-20260916-evidence-completion-r2/bounds.json	3098	a970223751db37374043c84202b27f8f23001b829ffe012eaedcf79f962807b7
evaluation-20260914/e04a/run-20260916-evidence-completion/bounds.json	3098	ef32023618663063a5ce2aea1e634b996b4bc345354c142f32c81892a5117a89
evaluation-20260914/e04a/run-20260916-federer007/bounds.json	1838	1f67a4d3f97a3bc5dc68a7b40216947b57f316e37d970281f37cb55e47b8de8f
evaluation-20260914/e04a/run-20260916-federer007/metric-calibration.json	4067	15ce8df830709883143e786eb14cc78f660aa737b9f6325ad633af5267adbbbf
evaluation-20260914/e04b/run-20260916-paired-removal-r2/bounds.json	1668	560bf31beaa3694a92f9561632556f12dcc02f2474186276a732692ae4601ca8
evaluation-20260914/e04b/run-20260916-paired-removal/bounds.json	1668	399a912034916276d85f540e9c4b6aaa9be96ec1ade7fab2840a2f93aca1ab54
evaluation-20260914/e06/audit-20260916-lossless-pack/bounds.json	454	7adb7516c54c4803b557b52e4a80bf06b826c5cf282cce8360ad003ef800c5e5
evaluation-20260914/e06/probe-20260917-floor-arms/bounds.json	542	9a3ef7b9503b49696c683aff542694141bbfbd00eda0c338d0698300e16b1526
evaluation-20260914/e06/run-20260916-federer007-perframe-bbox/bounds.json	847	0c88b4a360220d452faa540f1ea499a403fdba86990c859466b2a685aceb2230
gate-a-long-context-n48/bounds-before-run.json	744	3a940513d1c808673b675620a05f529b938a393b4e765c2af3d2a379ab9f6644
gate-a-vvc-webp-n48/bounds-before-run.json	1143	632128e2f520ba48ca5d7a2628f70d87e9f7a5b599761ba30295f3e41210398e
gate-a-vvc-webp-n96-dryrun/bounds-before-run.json	1144	5e837003d53cd62f4c15a09ef86d1226aca919a5c9fc89e42ee14795cc639df1
gate-a-vvc-webp-n96-run2/bounds-before-run.json	1144	5e837003d53cd62f4c15a09ef86d1226aca919a5c9fc89e42ee14795cc639df1
gate-a-vvc-webp-n96/bounds-before-run.json	1144	5e837003d53cd62f4c15a09ef86d1226aca919a5c9fc89e42ee14795cc639df1
gate-b-confirmation/clips/bp57_ao2024_sabalenka_zheng/bounds.json	1159	7f6083981eeaa83091648f54e124d85801593908d0d5da21db90c2d775f8aa4f
gate-b-confirmation/clips/bp57_usopen2023_gauff_sabalenka/bounds.json	1158	a50fea9a0455d2e2adbfe14cb264ec59fadc3b2951314cd7e1f3259994dc6425
hnerv_smoke/20260712_234340/report.json	885	b8fffa79afe3184059b8b928afbdf6c7810fa59eb561f0d1d576481708b31b06
hnerv_smoke/20260712_234340/report.md	734	fae37f65d14fd1f49eb0222fcd62be1dd89bd0d9b680aa77c5d8982a3f822d3a
hnerv_vod_sweep_short/20260712_234755/report.json	904	ee530ae50e4bbcf14aba0e5fad9d7952631604d3ed24980c41f3fea021499403
hnerv_vod_sweep_short/20260712_234755/report.md	752	6b40ed1ee6cf2ab7849ff3d8dbd8196416edc26f46531d4be3f0f88fc17a1c4d
hnerv_wrc_phase1/budget_0.4M/20260713_121150/report.json	911	29720f907b57f41b2d159e6a3dd9332e87ee0680a8467c59957b01cdd402de59
hnerv_wrc_phase1/budget_0.4M/20260713_121150/report.md	743	da140204c30481fd4f750cd28d813a7c54ba6a7e9c6aeb4ae7f82a60af296ad7
hnerv_wrc_phase1/budget_0.4M/20260713_123309/report.json	911	730a83ecd371d54e9a183611da28fa753253cbe77b70427386486a1b9469bb6f
hnerv_wrc_phase1/budget_0.4M/20260713_123309/report.md	743	48033616a6f5eb80ea8c7dc4a1c09edcdcf27082c84560a5a299b06adfc68dc4
hnerv_wrc_phase1/budget_0.9M/20260713_123308/report.json	909	17c648e19a4d2c3dd44355dab9f27d46e411f1e1ae44887dc3fbcf4674c6ae88
hnerv_wrc_phase1/budget_0.9M/20260713_123308/report.md	743	ccf5694aa6a90c248d1caba380ef73b2acaae05472684525fa6026f462b240b9
hnerv_wrc_phase1/budget_1.8M/20260713_125941/report.json	913	6e90572f3b4a0e6edd46c8f07609b4461be594d82846a25d41f5ffc3b194bcfb
hnerv_wrc_phase1/budget_1.8M/20260713_125941/report.md	748	036f33d00b9348ea68a034e76be7ba071f12c032d3bd77b1ce3b7641827cdf81
hnerv_wrc_phase1/budget_3.5M/20260713_133215/report.json	913	8a701b7c9fde8255f99283444a7f12dc63ef8843da419649ff159f7f0c4ea4ec
hnerv_wrc_phase1/budget_3.5M/20260713_133215/report.md	748	1c857ebb6fe6518fb2fd81ba9151370cea9fff8f7f9c2d0124ab43793778388d
journal-20260924/je00/intake.json	6904	82bdeec25af245812fa2d818bce6435316a0bd85bd92b7cb89f29fa2844fc0fc
journal-20260924/je01/metric-readiness.json	3225	a57095dd934aa8d4ee9ed1391324572d9b7b10304b1448cc5c117d506b76b9c8
journal-20260924/je03/anchor-readiness.json	2766	0d004b5de0502737a0990a68be121789f5d1b978d5ac8d9ccc76e19df41c0f00
journal-20260924/je04/neural-readiness.json	1973	83f5e20916c46a19f605dec03a23111dcf029bb89b0c7f965ca3e9d415ef2c92
journal-20260924/je05/alcaraz000-decomposition.json	7337	bd1dba969e0037cc4218d52a8cfff548def4e56162aa35d5ffaa6e364b4bbc4e
journal-20260924/je05/decomposition-summary.json	23752	81cbd727831571aab8dd4556a1626c7dc7ecc7234c8bf70b0930c32e44206136
journal-20260924/je05/federer007-decomposition.json	7346	659b50338e50fd98ae57c12ce296388c834bfbdb8cc7afb315262392a484f151
journal-20260924/je05/perricard002-decomposition.json	7367	9b38df9fea30955186326c4c30c4afca023fc595052592f938fc9ebdca7c6cdf
journal-20260924/je07/je07-appearance-silhouette-evaluation.json	1773	1fb3647c873ea5fddeff70534656bbf5f3961f56d454966bb067fcfd1fda1ce9
journal-20260924/je10/alcaraz000-je10-winning-result.json	1279	1cac287bc1bd84b3d6db650234068748c576a4aef0e9e27eb47b766f60895249
journal-20260924/je11/consecutive-points-amortization.json	2817	c4ead44b0ffc34d62f6557564d2e4269c211bd29ffd1a23db45b64173751bc1a
journal-20260924/je12/causal-ablations.json	1296	5193c617a2916de2990ef8bf340f5d75ef1f27505402f260d0fac14c03d3219c
journal-20260924/je16/runtime-and-resources.json	1243	faaf557cc7e4ee20b9e7eda90012390ce7d48cfa40d355b780f9a3b6ec8fcd36
journal-20260925/c01-gpu/sam31-meta-video-smoke16-run1/failure.json	823	b149e8a2635369e8efafc386010a691fd09489a7ace82db3d846336fa33f67af
journal-20260925/c01-gpu/sam31-meta-video-smoke16-run1/policy.json	144	a65ece8b0a1a520acacc2a484507a4aa2d4a6e267db23963afaef07d7c4481d1
journal-20260925/c01-gpu/sam31-meta-video-smoke16-run1/request.json	469	e965c6de5ddbb4fd8d6413e10c8801bc713472fb92fad55a2d2ec62043082f6b
journal-20260925/c01-gpu/sam31-meta-video-smoke16-run1/status.json	246	78d7fb14daf59277a348e74c690b48013e81a8e8d4b1e9a0077fb61a5463092f
journal-20260925/c01-gpu/sam31-meta-video-smoke16-run2/failure.json	893	5bf63bc0349bd01c99270e717c0ec1f04f695214cb7fc58259aa3c0e8114e8d3
journal-20260925/c01-gpu/sam31-meta-video-smoke16-run2/policy.json	143	7826e5ab75dcca0c281a122308f7a2d97a7c0c20a1209440163e73991614607d
journal-20260925/c01-gpu/sam31-meta-video-smoke16-run2/request.json	476	843f18e541bf234877e85465fd4242f0a8a578dda5fedcd6b4d6932d730f6e7a
journal-20260925/c01-gpu/sam31-meta-video-smoke16-run2/run-manifest.json	8319	dfd206d391e8113ec04db07a481427a7dc4a4cbaacfa0bcdee6bd47b802bed63
journal-20260925/c01-gpu/sam31-meta-video-smoke16-run2/status.json	247	3bdc692c4c60c211fc95fa86ee621d932a66236639ddfae7beff4eeb90df5b4a
journal-20260925/c01-gpu/sam31-meta-video-smoke16-run3/policy.json	143	5620d995a1dddcb01858d48668d74a634e5ad2e19cd9fec8a7b4cf9419a88c91
journal-20260925/c01-gpu/sam31-meta-video-smoke16-run3/request.json	476	352f7e3017cace4f6d07787d4e34b76fc70a777a2577155a69a19195e52689f2
journal-20260925/c01-gpu/sam31-meta-video-smoke16-run3/result.json	11509	936f1023e21f2f9c44b87dbd38f823e1022247263c42a93b1bd90ae5a736eb05
journal-20260925/c01-gpu/sam31-meta-video-smoke16-run3/run-manifest.json	8633	8304a9daf2f239eb49c46744c05eb6c554898a0039bbaa347a950835ad4700a5
journal-20260925/c01-gpu/sam31-meta-video-smoke16-run3/status.json	249	424ce3d6e3f63bd3b83c8ac2dc9a2072e95074fbe4a5131b52abca04692368b0
journal-20260925/c01-gpu/sinner-alcaraz-scene002-first16-transport-smoke-run1/smoke-result.json	3694	a2184865e403a0710c8e07d06c3d1de21869b69892d19c1b380ce769431796c3
journal-20260925/c01-gpu/sinner-alcaraz-scene002-first16-yolo26x-fast-run1/pilot-ledger.json	15443	9c7602c7c9b4ed97b24cbffe03a66ec9f5f9d36199436eabe92d1cbf907d88d7
journal-20260925/c01-gpu/sinner-alcaraz-scene002-first16-yolo26x-fast-run1/preregistered-protocol.json	5947	8f6ebd22852e37192144f0de10719e5a61a9d1cfc9101446746f38f2037b7132
journal-20260925/mask-screen/sinner-alcaraz002-yolo26x-cpu-retry1/preregistered-protocol.json	9735	bc37be1c12f007639a841a8e147639015a82bd7337bcc12f182b17030451eaf6
journal-20260925/mask-screen/sinner-alcaraz002-yolo26x-cpu-retry1/protocol.json	10260	b7fdf084dffd2b779dbb91101678ccd5effa335f821046e9bcd30ba559296441
journal-20260925/mask-screen/sinner-alcaraz002-yolo26x-cpu-retry1/screen-ledger.json	20907	558e5d6a34d02237d979bfd3b2a1f4d128db922d76d535015da4379fb03a6354
journal-20260925/mask-screen/yolo26n-seg-alcaraz000-window48/policy.json	144	c9e1bb82ff3b6827baf8db610dd5ba94e0a40085835df0a77ca7aa7af150838c
journal-20260925/mask-screen/yolo26n-seg-alcaraz000-window48/preregistered-protocol.json	10814	34e34b1e0cbbe49ac2bc811d4e26a13982270e2acc55b651fe7084bebd7859ee
journal-20260925/mask-screen/yolo26n-seg-alcaraz000-window48/protocol.json	11838	855ff388d893148670c722d4caa439409d6808df85345d6d063e938d5be70bd8
journal-20260925/mask-screen/yolo26n-seg-alcaraz000-window48/request.json	915	c4fdf515729ba9247146c93ca5eedbeba591db89a8a75a20b77da1211940931b
journal-20260925/mask-screen/yolo26n-seg-alcaraz000-window48/screen-ledger.json	27864	fed49f1dc96f8c4939fa8fc16b3a0525ba4c6b80736313b0a52f82c61277c6ad
journal-20260925/mask-screen/yolo26n-seg-alcaraz000-window48/status.json	249	7ef9ffa4c3156189cf2d06618d222d458ab43be90584a180348fabe133100681
journal-20260926/sam31-racket-prompt-smoke16-run1/policy.json	145	cbe034864cc004cb8b39ca5dc8785c0faa30e3d6c1e31d8e6db5d541f422008c
journal-20260926/sam31-racket-prompt-smoke16-run1/request.json	544	99b789e6474425f36ffa207bca679347f40bf7fa4c55eada761270f76cb31387
journal-20260926/sam31-racket-prompt-smoke16-run1/result.json	8552	18b27dd827d383b89a1c305a72559a1c71236c9729bb3c17d5de9696bf07ac91
journal-20260926/sam31-racket-prompt-smoke16-run1/run-manifest.json	7681	56fe7c89e155a01e87ceda011dd1e894cf48bf1d19bc921fcdb52c02cc018005
journal-20260926/sam31-racket-prompt-smoke16-run1/sam31_smoke_runner.py	23814	2f65a79ee40cfcb9a36f0e8a3b7ec7444e31799ddfa4f1f639902a7edff647be
journal-20260926/sam31-racket-prompt-smoke16-run1/status.json	223	a265893a96aeb95b36a88ec3d7f5a4c64daa1743d27e8a08dbc94ae4f53904bb
modular/measured-tennis/results.json	5198	dd9224bfe59f2fbce814566c04844a9c639494558a46af5dcaf0751b56f9107e
modular/object-foreground-campaign/batch-summary.json	723	c80d688920b96e5a7c0de9960f7788c2cc9038a4a4ce255bc41fc0250fc41275
modular/object-foreground-campaign/job/delivery.json	41	98d2b9bc9fbe27f377e3991f8c80356037e11b0f9e23ac7b22ef8ab9566cc1ac
modular/object-foreground-campaign/job/policy.json	158	e01447820e82efea8dd9941d58d6db4f2020bf79cb220b83d401744acaf8d88c
modular/object-foreground-campaign/job/request.json	464	b72ca4b5697ce6a3c4495dcf7e5f981d4811706dd494114ef28297a13f6fe9e0
modular/object-foreground-campaign/job/status.json	481	68ebab1816298eb6a00946817c3690a07854a5df486da2e3dabb2129bea6a871
modular/overnight-training-20260923/pix2pix-perricard002/delivery.json	41	98d2b9bc9fbe27f377e3991f8c80356037e11b0f9e23ac7b22ef8ab9566cc1ac
modular/overnight-training-20260923/pix2pix-perricard002/policy.json	157	ff812bff9d0555d212d9ce92422a9884bc6dec225d3415944e4bd09f72595736
modular/overnight-training-20260923/pix2pix-perricard002/request.json	1403	9c7415a27862ee3138635fe0c9b546caddbb59d0059824a73517b9db6ec6c238
modular/overnight-training-20260923/pix2pix-perricard002/status.json	281	98cd6ec995f1f5b314057753f7fbcdfdbc0162eb6c3c3b759f58856172fc455b
sam31-unification/pilot-v1-20260927-run-01/alcaraz_highlights_scene_000/sam31_worker_config.json	5362	7f8789fc13d40c71fa71dbbdf0f1bc1f2dab73157d5da50520831a8d151fce43
sam31-unification/pilot-v1-20260927-run-01/preflight.json	16916	bc86d7e66e75546ba593d88c9f1ded16972bb36e381e33d577b3f4819f950fe8
sam31-unification/pilot-v1-20260927-run-02/alcaraz_highlights_scene_000/sam31_worker_config.json	5362	bfb216519cb40f65e9b8d57313bd4c748c7179d9d4356b786578601ec253b6cf
sam31-unification/pilot-v1-20260927-run-02/preflight.json	16916	094b8d4fee32d47a8791510683f973f3d1df6bb35d93a138aa2e479c9c8469bc
sam31-unification/pilot-v1-20260927-run-03/alcaraz_highlights_scene_000/sam31_result.json	29814	365be0f58ff8cfaed97da2b7ccd73f23628ae68a16bedb5dfe49bf0df291b542
sam31-unification/pilot-v1-20260927-run-03/alcaraz_highlights_scene_000/sam31_worker_config.json	5362	720bc79c27f5647e9d0212af0f24926513c919a3c429dbc8aa3422b889978892
sam31-unification/pilot-v1-20260927-run-03/alcaraz_highlights_scene_010/sam31_result.json	26686	80a12d7e0602d7e60edade8ce75d676d93fa77b2b816d87ef785f03614b94f19
sam31-unification/pilot-v1-20260927-run-03/alcaraz_highlights_scene_010/sam31_worker_config.json	5347	8a3e93bab42e79ac36554b9959344099da40c5b57f87e1cc3bd802c9ddbdcdc5
sam31-unification/pilot-v1-20260927-run-03/alcaraz_perricard_scene_007/sam31_result.json	39147	3dfa958df5a6af38df0b49b341bada884071805b276bae32cc1c99a46e7db4fe
sam31-unification/pilot-v1-20260927-run-03/alcaraz_perricard_scene_007/sam31_worker_config.json	5502	0964c6b97d210d353d8eac1740008beb86c5ad6b07fa295155feefb387b53277
sam31-unification/pilot-v1-20260927-run-03/preflight.json	16916	f9a307d858f4ea56b238d20ef5b8565a2fb1d7a6d4dc8010473327d1e59ac32b
sam31-unification/pilot-v1-20260927-run-05/alcaraz_highlights_scene_000/sam31_result.json	29817	c37e2e79770ab96bff2a68cdd150db47f8fea1a3551fc1dd90762a21018825fe
sam31-unification/pilot-v1-20260927-run-05/alcaraz_highlights_scene_000/sam31_worker_config.json	5362	d5d45a06eba58e9302cf966f1d874e042430593dd496835cf1e21131e264f0cd
sam31-unification/pilot-v1-20260927-run-05/alcaraz_highlights_scene_010/sam31_result.json	26686	16d958ddd58236ff919a2102f01b4590ad35f94f8deec5ac21586bad1cfbba83
sam31-unification/pilot-v1-20260927-run-05/alcaraz_highlights_scene_010/sam31_worker_config.json	5347	a1795348bcf4e7ca26b278cc6b53ffedbc24af2f1b41026a0f8e999a8d783af8
sam31-unification/pilot-v1-20260927-run-05/alcaraz_perricard_scene_007/sam31_result.json	39147	7e39a907d1ffc66c80bb14da564347c67f06a2463ff35f7d10a3ee7fc0b4e027
sam31-unification/pilot-v1-20260927-run-05/alcaraz_perricard_scene_007/sam31_worker_config.json	5502	777825fd6d2eb7a3b4d00811b5f045444742fb7dcfc2230cc7ef21ab4a9a78f4
sam31-unification/pilot-v1-20260927-run-05/preflight.json	16916	abe81c336f285225f36788b85e8c4c6f96a68ac24092f4070be0e6e515447375
sam31-unification/preflight-20260927-lazy-registry.json	16916	f454fd01a6d34b421303a7415a18c271a1de7542bf1ab62a8cdfcd949c00e21f
