old_path	base_revision	git_blob	recovery_url	replacement
README.md	086ae9035bc0ff7b552c05eb04904224f9abb32a	e1c7432575c47b7e9274bad6db411c37fccfbe22	https://github.com/emanuele-artioli/PointStream/blob/086ae9035bc0ff7b552c05eb04904224f9abb32a/README.md	docs/README.md
PLAN.md	086ae9035bc0ff7b552c05eb04904224f9abb32a	9f0e0a846eda001fde7a0816e791a62cdbe38741	https://github.com/emanuele-artioli/PointStream/blob/086ae9035bc0ff7b552c05eb04904224f9abb32a/PLAN.md	docs/README.md
docs/workflow/experiment-design.md	086ae9035bc0ff7b552c05eb04904224f9abb32a	eec248f6d247511a3dff260792903d1bcf9c5c30	https://github.com/emanuele-artioli/PointStream/blob/086ae9035bc0ff7b552c05eb04904224f9abb32a/docs/workflow/experiment-design.md	docs/README.md
docs/areas/codec.md	086ae9035bc0ff7b552c05eb04904224f9abb32a	9c39f2bc9b651d0056105975d20342003a8bf9e6	https://github.com/emanuele-artioli/PointStream/blob/086ae9035bc0ff7b552c05eb04904224f9abb32a/docs/areas/codec.md	docs/README.md
docs/areas/data.md	086ae9035bc0ff7b552c05eb04904224f9abb32a	10226f4cc9b38e3f49b1fdd7b56a5f79dfd3aa99	https://github.com/emanuele-artioli/PointStream/blob/086ae9035bc0ff7b552c05eb04904224f9abb32a/docs/areas/data.md	docs/README.md
docs/areas/evaluation.md	086ae9035bc0ff7b552c05eb04904224f9abb32a	e8642ca270688cfe8f7d94dc3c471aa89bcf1f27	https://github.com/emanuele-artioli/PointStream/blob/086ae9035bc0ff7b552c05eb04904224f9abb32a/docs/areas/evaluation.md	docs/README.md
docs/areas/generation.md	086ae9035bc0ff7b552c05eb04904224f9abb32a	4e30c692380b8195759f159806ae172c02b5249e	https://github.com/emanuele-artioli/PointStream/blob/086ae9035bc0ff7b552c05eb04904224f9abb32a/docs/areas/generation.md	docs/README.md
docs/areas/infrastructure.md	086ae9035bc0ff7b552c05eb04904224f9abb32a	5b341e10ab4a3ac45128211715747a9358d476cf	https://github.com/emanuele-artioli/PointStream/blob/086ae9035bc0ff7b552c05eb04904224f9abb32a/docs/areas/infrastructure.md	docs/README.md
docs/areas/paper.md	086ae9035bc0ff7b552c05eb04904224f9abb32a	72aff44fff2c30b4f929c759e4dedb460f823d4c	https://github.com/emanuele-artioli/PointStream/blob/086ae9035bc0ff7b552c05eb04904224f9abb32a/docs/areas/paper.md	docs/README.md
docs/history/antigravity-audit-2026-09-12.md	086ae9035bc0ff7b552c05eb04904224f9abb32a	d828d678bd015994ff58d31c470280e50eefe670	https://github.com/emanuele-artioli/PointStream/blob/086ae9035bc0ff7b552c05eb04904224f9abb32a/docs/history/antigravity-audit-2026-09-12.md	docs/research/08-evidence-ledger.md
docs/history/findings.md	086ae9035bc0ff7b552c05eb04904224f9abb32a	cbd38bf1d8dc315e37d966869a8b6331a5801030	https://github.com/emanuele-artioli/PointStream/blob/086ae9035bc0ff7b552c05eb04904224f9abb32a/docs/history/findings.md	docs/research/08-evidence-ledger.md
docs/history/pull-requests.md	086ae9035bc0ff7b552c05eb04904224f9abb32a	e81d288633d778beb2aea722269a89cc2ca8e0a3	https://github.com/emanuele-artioli/PointStream/blob/086ae9035bc0ff7b552c05eb04904224f9abb32a/docs/history/pull-requests.md	docs/research/08-evidence-ledger.md
docs/history/session-workflow-retired-2026-09-26.md	086ae9035bc0ff7b552c05eb04904224f9abb32a	2ffd26021f2167e13acddd59a3b54ff5026cedd5	https://github.com/emanuele-artioli/PointStream/blob/086ae9035bc0ff7b552c05eb04904224f9abb32a/docs/history/session-workflow-retired-2026-09-26.md	docs/research/08-evidence-ledger.md
docs/roadmap.md	086ae9035bc0ff7b552c05eb04904224f9abb32a	77f4fb7db89e76d4ea1adc6e3954d3e19c8d1fc3	https://github.com/emanuele-artioli/PointStream/blob/086ae9035bc0ff7b552c05eb04904224f9abb32a/docs/roadmap.md	docs/README.md
docs/scorecards/01_segmentation.md	086ae9035bc0ff7b552c05eb04904224f9abb32a	571686b1e77d2aaf0c8e2fb3541b0171f0749f59	https://github.com/emanuele-artioli/PointStream/blob/086ae9035bc0ff7b552c05eb04904224f9abb32a/docs/scorecards/01_segmentation.md	docs/README.md
docs/scorecards/02_background.md	086ae9035bc0ff7b552c05eb04904224f9abb32a	0fa6dceb744f4fa0db0de3769d99ef8d03ad2299	https://github.com/emanuele-artioli/PointStream/blob/086ae9035bc0ff7b552c05eb04904224f9abb32a/docs/scorecards/02_background.md	docs/README.md
docs/scorecards/03_appearance_crops.md	086ae9035bc0ff7b552c05eb04904224f9abb32a	394aa22b2ec64b02b9b66b9f100c5c6d6f6687a0	https://github.com/emanuele-artioli/PointStream/blob/086ae9035bc0ff7b552c05eb04904224f9abb32a/docs/scorecards/03_appearance_crops.md	docs/README.md
docs/scorecards/04_motion_metadata.md	086ae9035bc0ff7b552c05eb04904224f9abb32a	b6afaea758fe9c616bbd1a8ad20ac6995feac1e0	https://github.com/emanuele-artioli/PointStream/blob/086ae9035bc0ff7b552c05eb04904224f9abb32a/docs/scorecards/04_motion_metadata.md	docs/README.md
docs/scorecards/05_residuals.md	086ae9035bc0ff7b552c05eb04904224f9abb32a	b5cbf29ffdda1926c2c47bb48842f6d94b04c61f	https://github.com/emanuele-artioli/PointStream/blob/086ae9035bc0ff7b552c05eb04904224f9abb32a/docs/scorecards/05_residuals.md	docs/README.md
docs/scorecards/TEMPLATE.md	086ae9035bc0ff7b552c05eb04904224f9abb32a	f8c132f25a83f25602c1fd876bec9ba7daf4965c	https://github.com/emanuele-artioli/PointStream/blob/086ae9035bc0ff7b552c05eb04904224f9abb32a/docs/scorecards/TEMPLATE.md	docs/README.md
docs/strategy/semantic-codec-thesis.md	086ae9035bc0ff7b552c05eb04904224f9abb32a	f178ce63b33833eaa78e251a4528f2663d64a264	https://github.com/emanuele-artioli/PointStream/blob/086ae9035bc0ff7b552c05eb04904224f9abb32a/docs/strategy/semantic-codec-thesis.md	docs/README.md
docs/workflow/session/SKILL.md	086ae9035bc0ff7b552c05eb04904224f9abb32a	7244c35a5fe40d1900e8b80dd6ef1b9cb903cfbc	https://github.com/emanuele-artioli/PointStream/blob/086ae9035bc0ff7b552c05eb04904224f9abb32a/docs/workflow/session/SKILL.md	docs/README.md
docs/workflow/session/anchor-and-verdict.md	086ae9035bc0ff7b552c05eb04904224f9abb32a	56e6f4c773c7ed04c193e8cce449e9260f2bec86	https://github.com/emanuele-artioli/PointStream/blob/086ae9035bc0ff7b552c05eb04904224f9abb32a/docs/workflow/session/anchor-and-verdict.md	docs/README.md
docs/workflow/session/evaluation-campaign/20260923-background-campaign.md	086ae9035bc0ff7b552c05eb04904224f9abb32a	b64cfb7d4243b72fe4b601d55d936075cbf0fd37	https://github.com/emanuele-artioli/PointStream/blob/086ae9035bc0ff7b552c05eb04904224f9abb32a/docs/workflow/session/evaluation-campaign/20260923-background-campaign.md	docs/research/08-evidence-ledger.md
docs/workflow/session/evaluation-campaign/20260923-development-campaign.md	086ae9035bc0ff7b552c05eb04904224f9abb32a	d8526dac493f43d3f66aa20a221cdb9f8c837f76	https://github.com/emanuele-artioli/PointStream/blob/086ae9035bc0ff7b552c05eb04904224f9abb32a/docs/workflow/session/evaluation-campaign/20260923-development-campaign.md	docs/research/08-evidence-ledger.md
docs/workflow/session/evaluation-campaign/20260924-foreground-campaign.md	086ae9035bc0ff7b552c05eb04904224f9abb32a	bd3a4088c6ee2fb338411b22ff06b8fda500cbf2	https://github.com/emanuele-artioli/PointStream/blob/086ae9035bc0ff7b552c05eb04904224f9abb32a/docs/workflow/session/evaluation-campaign/20260924-foreground-campaign.md	docs/research/08-evidence-ledger.md
docs/workflow/session/evaluation-campaign/handoff-20260915.md	086ae9035bc0ff7b552c05eb04904224f9abb32a	89d44e03c1cbaba03d1984515f0ce63d76ee6134	https://github.com/emanuele-artioli/PointStream/blob/086ae9035bc0ff7b552c05eb04904224f9abb32a/docs/workflow/session/evaluation-campaign/handoff-20260915.md	docs/research/08-evidence-ledger.md
docs/workflow/session/evaluation-campaign/handoff-20260916.md	086ae9035bc0ff7b552c05eb04904224f9abb32a	f898557a28a2780dc5765e75f19250939f79f78a	https://github.com/emanuele-artioli/PointStream/blob/086ae9035bc0ff7b552c05eb04904224f9abb32a/docs/workflow/session/evaluation-campaign/handoff-20260916.md	docs/research/08-evidence-ledger.md
docs/workflow/session/evaluation-campaign/plan.md	086ae9035bc0ff7b552c05eb04904224f9abb32a	48410cb0c08ced68c4ee286abeb2421b0a195d22	https://github.com/emanuele-artioli/PointStream/blob/086ae9035bc0ff7b552c05eb04904224f9abb32a/docs/workflow/session/evaluation-campaign/plan.md	docs/research/08-evidence-ledger.md
docs/workflow/session/evaluation-campaign/tasks/00-resource-claims.md	086ae9035bc0ff7b552c05eb04904224f9abb32a	fe9942555cc0b8d7242cde8cb500b720d9fb0690	https://github.com/emanuele-artioli/PointStream/blob/086ae9035bc0ff7b552c05eb04904224f9abb32a/docs/workflow/session/evaluation-campaign/tasks/00-resource-claims.md	docs/research/08-evidence-ledger.md
docs/workflow/session/evaluation-campaign/tasks/00r-claim-lifecycle.md	086ae9035bc0ff7b552c05eb04904224f9abb32a	67b7201fedcf776b7ed690e5bd9396822da10a28	https://github.com/emanuele-artioli/PointStream/blob/086ae9035bc0ff7b552c05eb04904224f9abb32a/docs/workflow/session/evaluation-campaign/tasks/00r-claim-lifecycle.md	docs/research/08-evidence-ledger.md
docs/workflow/session/evaluation-campaign/tasks/01-evidence-protocol.md	086ae9035bc0ff7b552c05eb04904224f9abb32a	3ff21ec937f0ce1ef3622ec601a75589bf56ae95	https://github.com/emanuele-artioli/PointStream/blob/086ae9035bc0ff7b552c05eb04904224f9abb32a/docs/workflow/session/evaluation-campaign/tasks/01-evidence-protocol.md	docs/research/08-evidence-ledger.md
docs/workflow/session/evaluation-campaign/tasks/01r-contract-and-acquisition.md	086ae9035bc0ff7b552c05eb04904224f9abb32a	5a6594472bb39a30f0b19f0767cfaadedb1b8e4b	https://github.com/emanuele-artioli/PointStream/blob/086ae9035bc0ff7b552c05eb04904224f9abb32a/docs/workflow/session/evaluation-campaign/tasks/01r-contract-and-acquisition.md	docs/research/08-evidence-ledger.md
docs/workflow/session/evaluation-campaign/tasks/02-generator-readiness-report.md	086ae9035bc0ff7b552c05eb04904224f9abb32a	303eb35255e456b87bb02efac61dedaf1ba8e536	https://github.com/emanuele-artioli/PointStream/blob/086ae9035bc0ff7b552c05eb04904224f9abb32a/docs/workflow/session/evaluation-campaign/tasks/02-generator-readiness-report.md	docs/research/08-evidence-ledger.md
docs/workflow/session/evaluation-campaign/tasks/02-generator-readiness.md	086ae9035bc0ff7b552c05eb04904224f9abb32a	487192ed90ac02d69d053474def65500abefbd19	https://github.com/emanuele-artioli/PointStream/blob/086ae9035bc0ff7b552c05eb04904224f9abb32a/docs/workflow/session/evaluation-campaign/tasks/02-generator-readiness.md	docs/research/08-evidence-ledger.md
docs/workflow/session/evaluation-campaign/tasks/02r-readiness-evidence.md	086ae9035bc0ff7b552c05eb04904224f9abb32a	dfc4f39b09d38e337c78d207616dbbeca5e45941	https://github.com/emanuele-artioli/PointStream/blob/086ae9035bc0ff7b552c05eb04904224f9abb32a/docs/workflow/session/evaluation-campaign/tasks/02r-readiness-evidence.md	docs/research/08-evidence-ledger.md
docs/workflow/session/evaluation-campaign/tasks/02s-training-and-controls.md	086ae9035bc0ff7b552c05eb04904224f9abb32a	11f1b07e01467c2bbe5d39beed93df088172ceb6	https://github.com/emanuele-artioli/PointStream/blob/086ae9035bc0ff7b552c05eb04904224f9abb32a/docs/workflow/session/evaluation-campaign/tasks/02s-training-and-controls.md	docs/research/08-evidence-ledger.md
docs/workflow/session/evaluation-campaign/tasks/03-anchors-timing.md	086ae9035bc0ff7b552c05eb04904224f9abb32a	574b930c976501f95831f6d0ee9c69db4a4a3a94	https://github.com/emanuele-artioli/PointStream/blob/086ae9035bc0ff7b552c05eb04904224f9abb32a/docs/workflow/session/evaluation-campaign/tasks/03-anchors-timing.md	docs/research/08-evidence-ledger.md
docs/workflow/session/evaluation-campaign/tasks/03a-contract-to-anchors.md	086ae9035bc0ff7b552c05eb04904224f9abb32a	f0d2c05496efaaf79a4f6040c12559d47d2d4756	https://github.com/emanuele-artioli/PointStream/blob/086ae9035bc0ff7b552c05eb04904224f9abb32a/docs/workflow/session/evaluation-campaign/tasks/03a-contract-to-anchors.md	docs/research/08-evidence-ledger.md
docs/workflow/session/evaluation-campaign/tasks/04-background.md	086ae9035bc0ff7b552c05eb04904224f9abb32a	6fa5871219d1a0f425bc982beb7a67cfd1c7fd12	https://github.com/emanuele-artioli/PointStream/blob/086ae9035bc0ff7b552c05eb04904224f9abb32a/docs/workflow/session/evaluation-campaign/tasks/04-background.md	docs/research/08-evidence-ledger.md
docs/workflow/session/evaluation-campaign/tasks/05-decision-card.md	086ae9035bc0ff7b552c05eb04904224f9abb32a	1902cdd177e7ff99a89273f058259c558345c1e0	https://github.com/emanuele-artioli/PointStream/blob/086ae9035bc0ff7b552c05eb04904224f9abb32a/docs/workflow/session/evaluation-campaign/tasks/05-decision-card.md	docs/research/08-evidence-ledger.md
docs/workflow/session/evaluation-campaign/tasks/05-foreground.md	086ae9035bc0ff7b552c05eb04904224f9abb32a	592b32a2b4244fd966b749bc23898ad3c19b83c6	https://github.com/emanuele-artioli/PointStream/blob/086ae9035bc0ff7b552c05eb04904224f9abb32a/docs/workflow/session/evaluation-campaign/tasks/05-foreground.md	docs/research/08-evidence-ledger.md
docs/workflow/session/evaluation-campaign/tasks/06-residual-system.md	086ae9035bc0ff7b552c05eb04904224f9abb32a	6c54f277cdcea540574164f2331e3d2e435834d3	https://github.com/emanuele-artioli/PointStream/blob/086ae9035bc0ff7b552c05eb04904224f9abb32a/docs/workflow/session/evaluation-campaign/tasks/06-residual-system.md	docs/research/08-evidence-ledger.md
docs/workflow/session/evaluation-campaign/tasks/07-confirm-domain.md	086ae9035bc0ff7b552c05eb04904224f9abb32a	2ba1866ab3252bed0f7e779404dc30cf3353301c	https://github.com/emanuele-artioli/PointStream/blob/086ae9035bc0ff7b552c05eb04904224f9abb32a/docs/workflow/session/evaluation-campaign/tasks/07-confirm-domain.md	docs/research/08-evidence-ledger.md
docs/workflow/session/evaluation-campaign/tasks/08-paper-artifact.md	086ae9035bc0ff7b552c05eb04904224f9abb32a	2a484c4df2d71d356e5b06613d869f6cd16e3b73	https://github.com/emanuele-artioli/PointStream/blob/086ae9035bc0ff7b552c05eb04904224f9abb32a/docs/workflow/session/evaluation-campaign/tasks/08-paper-artifact.md	docs/research/08-evidence-ledger.md
docs/workflow/session/evaluation-campaign/tasks/20260915-next-stage.md	086ae9035bc0ff7b552c05eb04904224f9abb32a	3f697f00932380d9627acfb34d5754a6a58dfe17	https://github.com/emanuele-artioli/PointStream/blob/086ae9035bc0ff7b552c05eb04904224f9abb32a/docs/workflow/session/evaluation-campaign/tasks/20260915-next-stage.md	docs/research/08-evidence-ledger.md
docs/workflow/session/evaluation-campaign/tasks/20260916-bounded-pilot-release.md	086ae9035bc0ff7b552c05eb04904224f9abb32a	a21015fe3c1261546fd0425c4e6fb3e7231c31f9	https://github.com/emanuele-artioli/PointStream/blob/086ae9035bc0ff7b552c05eb04904224f9abb32a/docs/workflow/session/evaluation-campaign/tasks/20260916-bounded-pilot-release.md	docs/research/08-evidence-ledger.md
docs/workflow/session/evaluation-campaign/tasks/20260916-probe-review.md	086ae9035bc0ff7b552c05eb04904224f9abb32a	eb30fe0db07df5b767d23af1e2ed8cf99c54661d	https://github.com/emanuele-artioli/PointStream/blob/086ae9035bc0ff7b552c05eb04904224f9abb32a/docs/workflow/session/evaluation-campaign/tasks/20260916-probe-review.md	docs/research/08-evidence-ledger.md
docs/workflow/session/evaluation-campaign/tasks/20260916-return-audit-and-reuse.md	086ae9035bc0ff7b552c05eb04904224f9abb32a	a0f67d22c323cc5221cf7a1441cb798e8e748a81	https://github.com/emanuele-artioli/PointStream/blob/086ae9035bc0ff7b552c05eb04904224f9abb32a/docs/workflow/session/evaluation-campaign/tasks/20260916-return-audit-and-reuse.md	docs/research/08-evidence-ledger.md
docs/workflow/session/evaluation-campaign/tasks/20260917-strategy-roadblock.md	086ae9035bc0ff7b552c05eb04904224f9abb32a	a2bc90676a2205b2bb5d662a80c663702e954c50	https://github.com/emanuele-artioli/PointStream/blob/086ae9035bc0ff7b552c05eb04904224f9abb32a/docs/workflow/session/evaluation-campaign/tasks/20260917-strategy-roadblock.md	docs/research/08-evidence-ledger.md
docs/workflow/session/evaluation-handoff.md	086ae9035bc0ff7b552c05eb04904224f9abb32a	d3d1f7d449a8954735c77fd8390f3cf30df0e780	https://github.com/emanuele-artioli/PointStream/blob/086ae9035bc0ff7b552c05eb04904224f9abb32a/docs/workflow/session/evaluation-handoff.md	docs/README.md
docs/workflow/session/generator-readiness.md	086ae9035bc0ff7b552c05eb04904224f9abb32a	090a824db2c26d0493bf1de59861d1defbfbc1fb	https://github.com/emanuele-artioli/PointStream/blob/086ae9035bc0ff7b552c05eb04904224f9abb32a/docs/workflow/session/generator-readiness.md	docs/README.md
docs/workflow/session/overnight-gate-a.md	086ae9035bc0ff7b552c05eb04904224f9abb32a	95bf7a6639cb7b92950eccf4055e5ef6773ca73b	https://github.com/emanuele-artioli/PointStream/blob/086ae9035bc0ff7b552c05eb04904224f9abb32a/docs/workflow/session/overnight-gate-a.md	docs/README.md
docs/workflow/session/overnight-recovery.md	086ae9035bc0ff7b552c05eb04904224f9abb32a	396d7902e9495f2c34ace8817e4dd69fbca571d3	https://github.com/emanuele-artioli/PointStream/blob/086ae9035bc0ff7b552c05eb04904224f9abb32a/docs/workflow/session/overnight-recovery.md	docs/README.md
docs/workflow/session/parallel-probes.md	086ae9035bc0ff7b552c05eb04904224f9abb32a	00480aafcff225ef72f5c771e865e340bd60e149	https://github.com/emanuele-artioli/PointStream/blob/086ae9035bc0ff7b552c05eb04904224f9abb32a/docs/workflow/session/parallel-probes.md	docs/README.md
docs/workflow/session/repair-residual-transport.md	086ae9035bc0ff7b552c05eb04904224f9abb32a	b56681998d44b99b96ada39c1fdc9f5b638af412	https://github.com/emanuele-artioli/PointStream/blob/086ae9035bc0ff7b552c05eb04904224f9abb32a/docs/workflow/session/repair-residual-transport.md	docs/README.md
docs/workflow/session/submission-search.md	086ae9035bc0ff7b552c05eb04904224f9abb32a	449f23faeb9f199ccac0e13c3369d97dee12b52d	https://github.com/emanuele-artioli/PointStream/blob/086ae9035bc0ff7b552c05eb04904224f9abb32a/docs/workflow/session/submission-search.md	docs/README.md
docs/workflow/session/wave1-repair-contract.md	086ae9035bc0ff7b552c05eb04904224f9abb32a	956b10a29cdb7af0a4ed049903560495ef7dac18	https://github.com/emanuele-artioli/PointStream/blob/086ae9035bc0ff7b552c05eb04904224f9abb32a/docs/workflow/session/wave1-repair-contract.md	docs/README.md
docs/workflow/session/wave2-pilot-plan.md	086ae9035bc0ff7b552c05eb04904224f9abb32a	1eb544a2a86a160e9546c37f71b32346c081c720	https://github.com/emanuele-artioli/PointStream/blob/086ae9035bc0ff7b552c05eb04904224f9abb32a/docs/workflow/session/wave2-pilot-plan.md	docs/README.md
