old_path	owning_area	recovery_url	git_blob	disposition	destination	review_flags
DATA.md	infrastructure	https://github.com/emanuele-artioli/PointStream/blob/bc09184d8707529f924a41d0dccc2b6f20e88d3e/DATA.md	0ff2cb3006d6a3dd22452bb549231b1e78152f21	extracted; superseded by area documents	docs/setup.md + docs/areas/infrastructure.md
HANDOFF.md	infrastructure	https://github.com/emanuele-artioli/PointStream/blob/bc09184d8707529f924a41d0dccc2b6f20e88d3e/HANDOFF.md	c8cd7ceed0b732c55e3541b3c3869a7e2d40baa3	extracted; superseded by area documents	docs/areas/evaluation.md; discard stale launch prompt	contains status/validity/open-work text; adjudicate before retirement
plans/BP34-operating-point.md	infrastructure	https://github.com/emanuele-artioli/PointStream/blob/bc09184d8707529f924a41d0dccc2b6f20e88d3e/plans/BP34-operating-point.md	d0582747bc61b3ac47071c4baa2f95f1f7072afc	extracted; superseded by area documents	docs/areas/infrastructure.md; historical body via recovery URL	contains status/validity/open-work text; adjudicate before retirement
plans/BP36-second-domain.md	evaluation	https://github.com/emanuele-artioli/PointStream/blob/bc09184d8707529f924a41d0dccc2b6f20e88d3e/plans/BP36-second-domain.md	fd40003a30bf7a2272d4f2bb2d369e69ee976925	extracted; superseded by area documents	docs/areas/evaluation.md
plans/BP37-required-behaviour.md	infrastructure	https://github.com/emanuele-artioli/PointStream/blob/bc09184d8707529f924a41d0dccc2b6f20e88d3e/plans/BP37-required-behaviour.md	a0c669e48a4b8e666928b2fa2625859ffd04249f	extracted; superseded by area documents	docs/areas/infrastructure.md; historical body via recovery URL	contains status/validity/open-work text; adjudicate before retirement
plans/BP41-ablation-lattice.md	evaluation	https://github.com/emanuele-artioli/PointStream/blob/bc09184d8707529f924a41d0dccc2b6f20e88d3e/plans/BP41-ablation-lattice.md	0c22b9b9be642e6aa7801914327a4b9b8e2acaf7	extracted; superseded by area documents	docs/areas/evaluation.md; historical body via recovery URL	contains status/validity/open-work text; adjudicate before retirement
plans/BP46-long-tennis-scenes.md	data	https://github.com/emanuele-artioli/PointStream/blob/bc09184d8707529f924a41d0dccc2b6f20e88d3e/plans/BP46-long-tennis-scenes.md	944f7a8462372fbac594c22ce13a7e90a763c136	extracted; superseded by area documents	docs/areas/data.md; historical body via recovery URL	contains status/validity/open-work text; adjudicate before retirement
plans/DEFERRED.md	infrastructure	https://github.com/emanuele-artioli/PointStream/blob/bc09184d8707529f924a41d0dccc2b6f20e88d3e/plans/DEFERRED.md	f1d8b08e6c42e4b4e2e59a79510c1ac45193ae36	adjudicated; open actions moved to area next actions	area next-action queues; closed findings to history	contains status/validity/open-work text; adjudicate before retirement
plans/DISPATCH-GATE-A-48FRAME-RUN.md	evaluation	https://github.com/emanuele-artioli/PointStream/blob/bc09184d8707529f924a41d0dccc2b6f20e88d3e/plans/DISPATCH-GATE-A-48FRAME-RUN.md	8e7cc3387387aabeba3e56a85b564408a291517e	extracted; superseded by area documents	docs/areas/evaluation.md + docs/history/findings.md; report to commit permalink	contains status/validity/open-work text; adjudicate before retirement
plans/ENGINE-ROSTER.md	generation	https://github.com/emanuele-artioli/PointStream/blob/bc09184d8707529f924a41d0dccc2b6f20e88d3e/plans/ENGINE-ROSTER.md	916e459274800d2b4910f2e6517a0f02a7457f69	reconciled; superseded by area documents	docs/areas/generation.md; old numeric roster to commit permalink	contains status/validity/open-work text; adjudicate before retirement
plans/GATE-A-LONG-CONTEXT-2026-09-05.md	evaluation	https://github.com/emanuele-artioli/PointStream/blob/bc09184d8707529f924a41d0dccc2b6f20e88d3e/plans/GATE-A-LONG-CONTEXT-2026-09-05.md	4e5ce2f6d619c8121771986013fcba9f7acf1de9	extracted; superseded by area documents	docs/areas/evaluation.md; frozen protocol to commit permalink
plans/PAPER-NEXT.md	paper	https://github.com/emanuele-artioli/PointStream/blob/bc09184d8707529f924a41d0dccc2b6f20e88d3e/plans/PAPER-NEXT.md	f312e921a2acef90a1cc3b003736a794ef6b999e	reconciled; superseded by area documents	docs/areas/paper.md	contains status/validity/open-work text; adjudicate before retirement
plans/PLAN-GATE-A-COMPETITIVE-REGIME.md	evaluation	https://github.com/emanuele-artioli/PointStream/blob/bc09184d8707529f924a41d0dccc2b6f20e88d3e/plans/PLAN-GATE-A-COMPETITIVE-REGIME.md	0dc1872cba996dc0c5665af4cc16bbe055411174	reconciled; superseded by area documents	docs/areas/codec.md + docs/areas/evaluation.md + docs/areas/infrastructure.md	contains status/validity/open-work text; adjudicate before retirement; uncommitted user edits captured in user-edits.json
plans/README.md	infrastructure	https://github.com/emanuele-artioli/PointStream/blob/bc09184d8707529f924a41d0dccc2b6f20e88d3e/plans/README.md	4162fd081b13a09b1490ae0fd2928ffecdd9c6dd	retired; historical record	PLAN.md	contains status/validity/open-work text; adjudicate before retirement
plans/ROADMAP.md	infrastructure	https://github.com/emanuele-artioli/PointStream/blob/bc09184d8707529f924a41d0dccc2b6f20e88d3e/plans/ROADMAP.md	8c66eaa343547cd279d4b91d4a37ba0ad4951eac	split; superseded by roadmap and area documents	docs/roadmap.md + docs/areas/*.md	contains status/validity/open-work text; adjudicate before retirement; uncommitted user edits captured in user-edits.json
plans/SESSION-REPORT.md	infrastructure	https://github.com/emanuele-artioli/PointStream/blob/bc09184d8707529f924a41d0dccc2b6f20e88d3e/plans/SESSION-REPORT.md	ebdb369866f98e55751fa9a59cefd66667f1876c	converted; superseded by session workflow skill	docs/workflow/session/SKILL.md	contains status/validity/open-work text; adjudicate before retirement
plans/SUBMISSION-READINESS-2026-09-05.md	infrastructure	https://github.com/emanuele-artioli/PointStream/blob/bc09184d8707529f924a41d0dccc2b6f20e88d3e/plans/SUBMISSION-READINESS-2026-09-05.md	bfb6e933628640a7c636283cce6e7f303cdb70c2	reconciled; superseded by area documents	PLAN.md + docs/areas/paper.md
plans/TERMINOLOGY.md	infrastructure	https://github.com/emanuele-artioli/PointStream/blob/bc09184d8707529f924a41d0dccc2b6f20e88d3e/plans/TERMINOLOGY.md	f4e93d9729daaff5ca2b658c12b3ceec44004106	extracted; superseded by area documents	AGENTS.md plain writing rule; behavioral facts to codec/evaluation
plans/done/B1-codec.md	codec	https://github.com/emanuele-artioli/PointStream/blob/bc09184d8707529f924a41d0dccc2b6f20e88d3e/plans/done/B1-codec.md	1bd24098d719e132f26e655ae7890f417cb57ff5	extracted; superseded by area documents	docs/areas/codec.md; historical body via recovery URL	done directory is NOT proof of completion
plans/done/B2-perception.md	data	https://github.com/emanuele-artioli/PointStream/blob/bc09184d8707529f924a41d0dccc2b6f20e88d3e/plans/done/B2-perception.md	10231a593da84c472752d730b693fde4f8f39694	extracted; superseded by area documents	docs/areas/data.md; historical body via recovery URL	contains status/validity/open-work text; adjudicate before retirement; done directory is NOT proof of completion
plans/done/B3-generation.md	generation	https://github.com/emanuele-artioli/PointStream/blob/bc09184d8707529f924a41d0dccc2b6f20e88d3e/plans/done/B3-generation.md	6ba516c83e44dd64b4c1f376e283e50c8c6e7aaf	extracted; superseded by area documents	docs/areas/generation.md; historical body via recovery URL	contains status/validity/open-work text; adjudicate before retirement; done directory is NOT proof of completion
plans/done/B4-background-rigid.md	codec	https://github.com/emanuele-artioli/PointStream/blob/bc09184d8707529f924a41d0dccc2b6f20e88d3e/plans/done/B4-background-rigid.md	3735005697cde5ecd340290be6143711b157c2a9	extracted; superseded by area documents	docs/areas/codec.md; historical body via recovery URL	done directory is NOT proof of completion
plans/done/B5-transport-temporal.md	codec	https://github.com/emanuele-artioli/PointStream/blob/bc09184d8707529f924a41d0dccc2b6f20e88d3e/plans/done/B5-transport-temporal.md	b4caa67a8cdee5a6e2496d0f84515d8f2821532c	extracted; superseded by area documents	docs/areas/codec.md; historical body via recovery URL	done directory is NOT proof of completion
plans/done/B6-metrics.md	evaluation	https://github.com/emanuele-artioli/PointStream/blob/bc09184d8707529f924a41d0dccc2b6f20e88d3e/plans/done/B6-metrics.md	b840cf30dee9ebc7475dd5719b681bd432ce059e	extracted; superseded by area documents	docs/areas/evaluation.md; historical body via recovery URL	done directory is NOT proof of completion
plans/done/B7-domain.md	data	https://github.com/emanuele-artioli/PointStream/blob/bc09184d8707529f924a41d0dccc2b6f20e88d3e/plans/done/B7-domain.md	9aa60458e0a9415cd4d945c917f8b8e4fee20ab9	extracted; superseded by area documents	docs/areas/data.md; historical body via recovery URL	contains status/validity/open-work text; adjudicate before retirement; done directory is NOT proof of completion
plans/done/BP1-probe-set.md	paper	https://github.com/emanuele-artioli/PointStream/blob/bc09184d8707529f924a41d0dccc2b6f20e88d3e/plans/done/BP1-probe-set.md	fffd8a88bc602ba1629e5e9b9dfee78c8b64a341	extracted; superseded by area documents	docs/areas/paper.md; historical body via recovery URL	done directory is NOT proof of completion
plans/done/BP10-appearance-pathway.md	generation	https://github.com/emanuele-artioli/PointStream/blob/bc09184d8707529f924a41d0dccc2b6f20e88d3e/plans/done/BP10-appearance-pathway.md	d3212d9b8f1b8d8c9a8898cbb9490eb3191006b3	extracted; superseded by area documents	docs/areas/generation.md; historical body via recovery URL	contains status/validity/open-work text; adjudicate before retirement; done directory is NOT proof of completion
plans/done/BP11-headroom-and-currency.md	evaluation	https://github.com/emanuele-artioli/PointStream/blob/bc09184d8707529f924a41d0dccc2b6f20e88d3e/plans/done/BP11-headroom-and-currency.md	a03a69f8b93cfb0aec9577b8da493d355a050a22	extracted; superseded by area documents	docs/areas/evaluation.md; historical body via recovery URL	done directory is NOT proof of completion
plans/done/BP12-clip-mode-roster.md	generation	https://github.com/emanuele-artioli/PointStream/blob/bc09184d8707529f924a41d0dccc2b6f20e88d3e/plans/done/BP12-clip-mode-roster.md	ca7f6fb192484f4ffb0a3d96a7c2082efb0eb3f5	extracted; superseded by area documents	docs/areas/generation.md; historical body via recovery URL	contains status/validity/open-work text; adjudicate before retirement; done directory is NOT proof of completion
plans/done/BP13-motivating-headroom.md	evaluation	https://github.com/emanuele-artioli/PointStream/blob/bc09184d8707529f924a41d0dccc2b6f20e88d3e/plans/done/BP13-motivating-headroom.md	dd8e227ef478519f478996d7d211ab6c2cf6801d	extracted; superseded by area documents	docs/areas/evaluation.md; historical body via recovery URL	contains status/validity/open-work text; adjudicate before retirement; done directory is NOT proof of completion
plans/done/BP14-training-stop-rule.md	generation	https://github.com/emanuele-artioli/PointStream/blob/bc09184d8707529f924a41d0dccc2b6f20e88d3e/plans/done/BP14-training-stop-rule.md	653f7b82f4a7ba70f0687df5984ed9b52d930bee	extracted; superseded by area documents	docs/areas/generation.md; historical body via recovery URL	contains status/validity/open-work text; adjudicate before retirement; done directory is NOT proof of completion
plans/done/BP15-test-cull.md	infrastructure	https://github.com/emanuele-artioli/PointStream/blob/bc09184d8707529f924a41d0dccc2b6f20e88d3e/plans/done/BP15-test-cull.md	4d03daafb19659fd4c5a2e75778591e5d6ed0ae0	extracted; superseded by area documents	docs/areas/infrastructure.md; historical body via recovery URL	done directory is NOT proof of completion
plans/done/BP16-ci-signal.md	infrastructure	https://github.com/emanuele-artioli/PointStream/blob/bc09184d8707529f924a41d0dccc2b6f20e88d3e/plans/done/BP16-ci-signal.md	9d209b753aea7e9f8da0eb3751afa28f2f47ceaf	extracted; superseded by area documents	docs/areas/infrastructure.md; historical body via recovery URL	done directory is NOT proof of completion
plans/done/BP17-caption-channel.md	generation	https://github.com/emanuele-artioli/PointStream/blob/bc09184d8707529f924a41d0dccc2b6f20e88d3e/plans/done/BP17-caption-channel.md	9e957c4dac7e4c885bea0ba5e6439915cdc64b23	extracted; superseded by area documents	docs/areas/generation.md; historical body via recovery URL	done directory is NOT proof of completion
plans/done/BP18-appearance-identity-metric.md	generation	https://github.com/emanuele-artioli/PointStream/blob/bc09184d8707529f924a41d0dccc2b6f20e88d3e/plans/done/BP18-appearance-identity-metric.md	cd1ccd0299bf98aa94a5ab05edc362a93237a9ff	extracted; superseded by area documents	docs/areas/generation.md; historical body via recovery URL	contains status/validity/open-work text; adjudicate before retirement; done directory is NOT proof of completion
plans/done/BP19-conditioning-architecture.md	generation	https://github.com/emanuele-artioli/PointStream/blob/bc09184d8707529f924a41d0dccc2b6f20e88d3e/plans/done/BP19-conditioning-architecture.md	235e92064520778d200ed670aeb1cf83c2c268e3	extracted; superseded by area documents	docs/areas/generation.md; historical body via recovery URL	contains status/validity/open-work text; adjudicate before retirement; done directory is NOT proof of completion; previously deferred, NOT completed; preserve live next action
plans/done/BP2-region-metrics.md	evaluation	https://github.com/emanuele-artioli/PointStream/blob/bc09184d8707529f924a41d0dccc2b6f20e88d3e/plans/done/BP2-region-metrics.md	a76312d0bbbaeee74bf4890dacb404e2be703d0b	extracted; superseded by area documents	docs/areas/evaluation.md; historical body via recovery URL	done directory is NOT proof of completion
plans/done/BP20-headroom-real-ladder.md	evaluation	https://github.com/emanuele-artioli/PointStream/blob/bc09184d8707529f924a41d0dccc2b6f20e88d3e/plans/done/BP20-headroom-real-ladder.md	b733b36b6f9bcd4e38cbb8d4233b6c374bfdb99c	extracted; superseded by area documents	docs/areas/evaluation.md; historical body via recovery URL	contains status/validity/open-work text; adjudicate before retirement; done directory is NOT proof of completion
plans/done/BP21-headroom-widen.md	evaluation	https://github.com/emanuele-artioli/PointStream/blob/bc09184d8707529f924a41d0dccc2b6f20e88d3e/plans/done/BP21-headroom-widen.md	214d4ecc919203558047e582a606f6e21468b1cd	extracted; superseded by area documents	docs/areas/evaluation.md; historical body via recovery URL	contains status/validity/open-work text; adjudicate before retirement; done directory is NOT proof of completion
plans/done/BP22-test-boundary.md	infrastructure	https://github.com/emanuele-artioli/PointStream/blob/bc09184d8707529f924a41d0dccc2b6f20e88d3e/plans/done/BP22-test-boundary.md	2f5af2d3532e0183f4bb9bece3a1638c1a7fe50b	extracted; superseded by area documents	docs/areas/infrastructure.md; historical body via recovery URL	contains status/validity/open-work text; adjudicate before retirement; done directory is NOT proof of completion
plans/done/BP23-first-tier-run.md	codec	https://github.com/emanuele-artioli/PointStream/blob/bc09184d8707529f924a41d0dccc2b6f20e88d3e/plans/done/BP23-first-tier-run.md	b8d35ff16c29177a57dcb931e9d2fa5fc6cc8113	extracted; superseded by area documents	docs/areas/codec.md; historical body via recovery URL	contains status/validity/open-work text; adjudicate before retirement; done directory is NOT proof of completion
plans/done/BP24-encoder-boundary.md	codec	https://github.com/emanuele-artioli/PointStream/blob/bc09184d8707529f924a41d0dccc2b6f20e88d3e/plans/done/BP24-encoder-boundary.md	79be13e7441a037d79ff5999f9721eb672f2b6f5	extracted; superseded by area documents	docs/areas/codec.md; historical body via recovery URL	contains status/validity/open-work text; adjudicate before retirement; done directory is NOT proof of completion
plans/done/BP24-findings.md	codec	https://github.com/emanuele-artioli/PointStream/blob/bc09184d8707529f924a41d0dccc2b6f20e88d3e/plans/done/BP24-findings.md	8bac68bc1e6c4204177b433f58409df881d892b8	extracted; superseded by area documents	docs/areas/codec.md; historical body via recovery URL	contains status/validity/open-work text; adjudicate before retirement; done directory is NOT proof of completion
plans/done/BP24-ladder-report.md	codec	https://github.com/emanuele-artioli/PointStream/blob/bc09184d8707529f924a41d0dccc2b6f20e88d3e/plans/done/BP24-ladder-report.md	a25bb6d1aba580946486afc09b8425a9ce1946f2	extracted; superseded by area documents	docs/areas/codec.md; historical body via recovery URL	contains status/validity/open-work text; adjudicate before retirement; done directory is NOT proof of completion
plans/done/BP25-ip-adapter-rescore.md	generation	https://github.com/emanuele-artioli/PointStream/blob/bc09184d8707529f924a41d0dccc2b6f20e88d3e/plans/done/BP25-ip-adapter-rescore.md	b55b6e961d8a96120869c1daab3ef3ce1e76208b	extracted; superseded by area documents	docs/areas/generation.md; historical body via recovery URL	done directory is NOT proof of completion
plans/done/BP26-config-plumbing.md	codec	https://github.com/emanuele-artioli/PointStream/blob/bc09184d8707529f924a41d0dccc2b6f20e88d3e/plans/done/BP26-config-plumbing.md	c5edcd69fdf8385d020738f0de29c1145bcd5b9a	extracted; superseded by area documents	docs/areas/codec.md; historical body via recovery URL	done directory is NOT proof of completion
plans/done/BP27-metric-invariants.md	evaluation	https://github.com/emanuele-artioli/PointStream/blob/bc09184d8707529f924a41d0dccc2b6f20e88d3e/plans/done/BP27-metric-invariants.md	71008481e69b6e2401f1284584af3a2cfd3c9f7a	extracted; superseded by area documents	docs/areas/evaluation.md; historical body via recovery URL	contains status/validity/open-work text; adjudicate before retirement; done directory is NOT proof of completion
plans/done/BP28-offset-crossover.md	generation	https://github.com/emanuele-artioli/PointStream/blob/bc09184d8707529f924a41d0dccc2b6f20e88d3e/plans/done/BP28-offset-crossover.md	36b30e5d6951ef50e26696548454bb5166ca078a	extracted; superseded by area documents	docs/areas/generation.md; historical body via recovery URL	done directory is NOT proof of completion; previously deferred, NOT completed; preserve live next action
plans/done/BP29-low-rate-report.md	codec	https://github.com/emanuele-artioli/PointStream/blob/bc09184d8707529f924a41d0dccc2b6f20e88d3e/plans/done/BP29-low-rate-report.md	48afd852c56fb060aec0d1345048aba9fb9e5f4b	extracted; superseded by area documents	docs/areas/codec.md; historical body via recovery URL	done directory is NOT proof of completion
plans/done/BP29-panorama-report.md	codec	https://github.com/emanuele-artioli/PointStream/blob/bc09184d8707529f924a41d0dccc2b6f20e88d3e/plans/done/BP29-panorama-report.md	a74207f90676310f8517c95094d08f8342ab8136	extracted; superseded by area documents	docs/areas/codec.md; historical body via recovery URL	done directory is NOT proof of completion
plans/done/BP29-plate-codec-report.md	codec	https://github.com/emanuele-artioli/PointStream/blob/bc09184d8707529f924a41d0dccc2b6f20e88d3e/plans/done/BP29-plate-codec-report.md	45669da77f02e32827c219658352d5e5ff5f7e87	extracted; superseded by area documents	docs/areas/codec.md; historical body via recovery URL	contains status/validity/open-work text; adjudicate before retirement; done directory is NOT proof of completion
plans/done/BP29-plate-rate.md	codec	https://github.com/emanuele-artioli/PointStream/blob/bc09184d8707529f924a41d0dccc2b6f20e88d3e/plans/done/BP29-plate-rate.md	249df8e69fc8b21d85defa94aa538ad46abfd95b	extracted; superseded by area documents	docs/areas/codec.md; historical body via recovery URL	contains status/validity/open-work text; adjudicate before retirement; done directory is NOT proof of completion
plans/done/BP3-generator-loaders.md	generation	https://github.com/emanuele-artioli/PointStream/blob/bc09184d8707529f924a41d0dccc2b6f20e88d3e/plans/done/BP3-generator-loaders.md	ac5461318e127b1f042311ccebdf5173102c91c8	extracted; superseded by area documents	docs/areas/generation.md; historical body via recovery URL	contains status/validity/open-work text; adjudicate before retirement; done directory is NOT proof of completion
plans/done/BP30-background-stream.md	codec	https://github.com/emanuele-artioli/PointStream/blob/bc09184d8707529f924a41d0dccc2b6f20e88d3e/plans/done/BP30-background-stream.md	5f4454dfd3711bc4b37827fcd4225b5b4a4df402	extracted; superseded by area documents	docs/areas/codec.md; historical body via recovery URL	done directory is NOT proof of completion
plans/done/BP30-findings.md	codec	https://github.com/emanuele-artioli/PointStream/blob/bc09184d8707529f924a41d0dccc2b6f20e88d3e/plans/done/BP30-findings.md	05d87ecc6fb04b87b24427817337b929f5a33108	extracted; superseded by area documents	docs/areas/codec.md; historical body via recovery URL	contains status/validity/open-work text; adjudicate before retirement; done directory is NOT proof of completion
plans/done/BP31-findings.md	codec	https://github.com/emanuele-artioli/PointStream/blob/bc09184d8707529f924a41d0dccc2b6f20e88d3e/plans/done/BP31-findings.md	1fd368602ca20ea31a00eb3e3c36324d6ec6ffc7	extracted; superseded by area documents	docs/areas/codec.md; historical body via recovery URL	contains status/validity/open-work text; adjudicate before retirement; done directory is NOT proof of completion
plans/done/BP31-paired-ladder-across-scenes.md	codec	https://github.com/emanuele-artioli/PointStream/blob/bc09184d8707529f924a41d0dccc2b6f20e88d3e/plans/done/BP31-paired-ladder-across-scenes.md	1c7350144036aff459c530098a01f2978d922e9a	extracted; superseded by area documents	docs/areas/codec.md; historical body via recovery URL	contains status/validity/open-work text; adjudicate before retirement; done directory is NOT proof of completion
plans/done/BP32-rate-budget.md	codec	https://github.com/emanuele-artioli/PointStream/blob/bc09184d8707529f924a41d0dccc2b6f20e88d3e/plans/done/BP32-rate-budget.md	2af111e4bee328fc3cb20f638393f800ec190675	extracted; superseded by area documents	docs/areas/codec.md; historical body via recovery URL	contains status/validity/open-work text; adjudicate before retirement; done directory is NOT proof of completion
plans/done/BP33-span-amortisation.md	codec	https://github.com/emanuele-artioli/PointStream/blob/bc09184d8707529f924a41d0dccc2b6f20e88d3e/plans/done/BP33-span-amortisation.md	784aa6329397a2d57ffd79e0c2d3a5452252495d	extracted; superseded by area documents	docs/areas/codec.md; historical body via recovery URL	done directory is NOT proof of completion
plans/done/BP35-perceptual-bdrate.md	evaluation	https://github.com/emanuele-artioli/PointStream/blob/bc09184d8707529f924a41d0dccc2b6f20e88d3e/plans/done/BP35-perceptual-bdrate.md	8a3ae710f2721d9c0322a876ba644def1a126fe5	extracted; superseded by area documents	docs/areas/evaluation.md; historical body via recovery URL	done directory is NOT proof of completion
plans/done/BP38-paper-infrastructure.md	paper	https://github.com/emanuele-artioli/PointStream/blob/bc09184d8707529f924a41d0dccc2b6f20e88d3e/plans/done/BP38-paper-infrastructure.md	0301e0fe2376e468a7589d22cc35afcde8797ab0	extracted; superseded by area documents	docs/areas/paper.md; historical body via recovery URL	contains status/validity/open-work text; adjudicate before retirement; done directory is NOT proof of completion
plans/done/BP39-all-off-corner.md	codec	https://github.com/emanuele-artioli/PointStream/blob/bc09184d8707529f924a41d0dccc2b6f20e88d3e/plans/done/BP39-all-off-corner.md	77048af0dcdf126ba58d359caef5449e7591ba83	extracted; superseded by area documents	docs/areas/codec.md; historical body via recovery URL	done directory is NOT proof of completion
plans/done/BP4-flagship-candidates.md	generation	https://github.com/emanuele-artioli/PointStream/blob/bc09184d8707529f924a41d0dccc2b6f20e88d3e/plans/done/BP4-flagship-candidates.md	d7c7601c9f09f4ce31351d34ce8dbe855b0e6120	extracted; superseded by area documents	docs/areas/generation.md; historical body via recovery URL	done directory is NOT proof of completion
plans/done/BP40-background-honesty.md	codec	https://github.com/emanuele-artioli/PointStream/blob/bc09184d8707529f924a41d0dccc2b6f20e88d3e/plans/done/BP40-background-honesty.md	80c9d74baafef70bd32237e950162b28efba15aa	extracted; superseded by area documents	docs/areas/codec.md; historical body via recovery URL	done directory is NOT proof of completion
plans/done/BP43-background-representation.md	codec	https://github.com/emanuele-artioli/PointStream/blob/bc09184d8707529f924a41d0dccc2b6f20e88d3e/plans/done/BP43-background-representation.md	7b3a40e1ab11743c6ba4de61d8c5346c6d3fa3f1	extracted; superseded by area documents	docs/areas/codec.md; historical body via recovery URL	contains status/validity/open-work text; adjudicate before retirement; done directory is NOT proof of completion
plans/done/BP44-canonical-background-canvas.md	codec	https://github.com/emanuele-artioli/PointStream/blob/bc09184d8707529f924a41d0dccc2b6f20e88d3e/plans/done/BP44-canonical-background-canvas.md	36e4a75d182aa1aee6d5fc9cb2fa212e69286b70	extracted; superseded by area documents	docs/areas/codec.md; historical body via recovery URL	done directory is NOT proof of completion
plans/done/BP45-m1-report.md	evaluation	https://github.com/emanuele-artioli/PointStream/blob/bc09184d8707529f924a41d0dccc2b6f20e88d3e/plans/done/BP45-m1-report.md	af733e0882c76279e21f2c53dfdb1720811c11c7	extracted; superseded by area documents	docs/areas/evaluation.md; historical body via recovery URL	contains status/validity/open-work text; adjudicate before retirement; done directory is NOT proof of completion
plans/done/BP45-ultra-low-rate-search.md	evaluation	https://github.com/emanuele-artioli/PointStream/blob/bc09184d8707529f924a41d0dccc2b6f20e88d3e/plans/done/BP45-ultra-low-rate-search.md	b39a8e9ad63c38059dfedd7b4a9266f445fab190	extracted; superseded by area documents	docs/areas/evaluation.md; historical body via recovery URL	contains status/validity/open-work text; adjudicate before retirement; done directory is NOT proof of completion
plans/done/BP47-e1-preflight.md	evaluation	https://github.com/emanuele-artioli/PointStream/blob/bc09184d8707529f924a41d0dccc2b6f20e88d3e/plans/done/BP47-e1-preflight.md	c61adfa3c9050ec1af8100a470b1100e8289cde7	extracted; superseded by area documents	docs/areas/evaluation.md; historical body via recovery URL	contains status/validity/open-work text; adjudicate before retirement; done directory is NOT proof of completion
plans/done/BP47-integration.md	multiple	https://github.com/emanuele-artioli/PointStream/blob/bc09184d8707529f924a41d0dccc2b6f20e88d3e/plans/done/BP47-integration.md	262ece90c4b838cb8576dd69b053e8c15f52068a	extracted; superseded by area documents	owning area docs for each delivered/open item + findings index; full history via recovery URL	contains status/validity/open-work text; adjudicate before retirement; done directory is NOT proof of completion
plans/done/BP48-recovery-validation.md	infrastructure	https://github.com/emanuele-artioli/PointStream/blob/bc09184d8707529f924a41d0dccc2b6f20e88d3e/plans/done/BP48-recovery-validation.md	35f5237a83bb5f2032089c5de336f7bb92dceafd	extracted; superseded by area documents	docs/areas/infrastructure.md; historical body via recovery URL	contains status/validity/open-work text; adjudicate before retirement; done directory is NOT proof of completion
plans/done/BP49-native-reference-pilot.md	evaluation	https://github.com/emanuele-artioli/PointStream/blob/bc09184d8707529f924a41d0dccc2b6f20e88d3e/plans/done/BP49-native-reference-pilot.md	556795c48848c383a38dce8ebdace3252e23c5b8	extracted; superseded by area documents	docs/areas/evaluation.md; historical body via recovery URL	done directory is NOT proof of completion
plans/done/BP5-roster-decision.md	generation	https://github.com/emanuele-artioli/PointStream/blob/bc09184d8707529f924a41d0dccc2b6f20e88d3e/plans/done/BP5-roster-decision.md	7e316b655c8358592ea28158e86366f3d295f1a0	extracted; superseded by area documents	docs/areas/generation.md; historical body via recovery URL	done directory is NOT proof of completion
plans/done/BP50-handoff-cleanup.md	infrastructure	https://github.com/emanuele-artioli/PointStream/blob/bc09184d8707529f924a41d0dccc2b6f20e88d3e/plans/done/BP50-handoff-cleanup.md	905abc8972a31587acf038e5b1d725a0a352ca40	extracted; superseded by area documents	docs/areas/infrastructure.md; historical body via recovery URL	contains status/validity/open-work text; adjudicate before retirement; done directory is NOT proof of completion
plans/done/BP51-BP52-integration.md	multiple	https://github.com/emanuele-artioli/PointStream/blob/bc09184d8707529f924a41d0dccc2b6f20e88d3e/plans/done/BP51-BP52-integration.md	b1d75adfcc5f693013d0e5331721be12c2ad53cb	extracted; superseded by area documents	owning area docs for each delivered/open item + findings index; full history via recovery URL	done directory is NOT proof of completion
plans/done/BP51-confirmation-audit.md	data	https://github.com/emanuele-artioli/PointStream/blob/bc09184d8707529f924a41d0dccc2b6f20e88d3e/plans/done/BP51-confirmation-audit.md	464f28156a0438c95f44a85410eeb2d630a517f8	extracted; superseded by area documents	docs/areas/data.md; historical body via recovery URL	contains status/validity/open-work text; adjudicate before retirement; done directory is NOT proof of completion
plans/done/BP52-background-crf-search.md	evaluation	https://github.com/emanuele-artioli/PointStream/blob/bc09184d8707529f924a41d0dccc2b6f20e88d3e/plans/done/BP52-background-crf-search.md	614cecf4405c0c0f97811775d6f9b5eda3ef1a64	extracted; superseded by area documents	docs/areas/evaluation.md; historical body via recovery URL	done directory is NOT proof of completion
plans/done/BP53-BP54-integration.md	multiple	https://github.com/emanuele-artioli/PointStream/blob/bc09184d8707529f924a41d0dccc2b6f20e88d3e/plans/done/BP53-BP54-integration.md	ef0c27de90cf469545cea47aea0521cd9613df81	extracted; superseded by area documents	owning area docs for each delivered/open item + findings index; full history via recovery URL	contains status/validity/open-work text; adjudicate before retirement; done directory is NOT proof of completion
plans/done/BP53-background-scale-report.md	codec	https://github.com/emanuele-artioli/PointStream/blob/bc09184d8707529f924a41d0dccc2b6f20e88d3e/plans/done/BP53-background-scale-report.md	0093320ad0e38529c4bc65a5ce8d9fd4c8977e68	extracted; superseded by area documents	docs/areas/codec.md; historical body via recovery URL	contains status/validity/open-work text; adjudicate before retirement; done directory is NOT proof of completion
plans/done/BP53-background-transport-scale.md	codec	https://github.com/emanuele-artioli/PointStream/blob/bc09184d8707529f924a41d0dccc2b6f20e88d3e/plans/done/BP53-background-transport-scale.md	7d072e0cee545714bf307d83ca0e9cf89f1751ac	extracted; superseded by area documents	docs/areas/codec.md; historical body via recovery URL	contains status/validity/open-work text; adjudicate before retirement; done directory is NOT proof of completion
plans/done/BP53-measurement-provenance.md	codec	https://github.com/emanuele-artioli/PointStream/blob/bc09184d8707529f924a41d0dccc2b6f20e88d3e/plans/done/BP53-measurement-provenance.md	e7be41c7c1e6de49373fec313335f072686f2d6d	extracted; superseded by area documents	docs/areas/codec.md; historical body via recovery URL	contains status/validity/open-work text; adjudicate before retirement; done directory is NOT proof of completion
plans/done/BP54-fresh-confirmation-sources.md	data	https://github.com/emanuele-artioli/PointStream/blob/bc09184d8707529f924a41d0dccc2b6f20e88d3e/plans/done/BP54-fresh-confirmation-sources.md	3f276462f80ea983b5b5839a49ef82cc4fa8a905	extracted; superseded by area documents	docs/areas/data.md; historical body via recovery URL	done directory is NOT proof of completion
plans/done/BP54-source-shortlist.md	data	https://github.com/emanuele-artioli/PointStream/blob/bc09184d8707529f924a41d0dccc2b6f20e88d3e/plans/done/BP54-source-shortlist.md	312583b20a9708dc58b5b21cd5a941069e6899ab	extracted; superseded by area documents	docs/areas/data.md; historical body via recovery URL	contains status/validity/open-work text; adjudicate before retirement; done directory is NOT proof of completion
plans/done/BP55-timing-boundaries.md	evaluation	https://github.com/emanuele-artioli/PointStream/blob/bc09184d8707529f924a41d0dccc2b6f20e88d3e/plans/done/BP55-timing-boundaries.md	4a5674c1eefa4cefa7833c123d2fdbe7d4cce7ab	extracted; superseded by area documents	docs/areas/evaluation.md; historical body via recovery URL	done directory is NOT proof of completion
plans/done/BP56-background-effort-report.md	codec	https://github.com/emanuele-artioli/PointStream/blob/bc09184d8707529f924a41d0dccc2b6f20e88d3e/plans/done/BP56-background-effort-report.md	833053e8c62cea00e86cd1d1e1683317517f6181	extracted; superseded by area documents	docs/areas/codec.md; historical body via recovery URL	done directory is NOT proof of completion
plans/done/BP56-background-encoder-effort.md	codec	https://github.com/emanuele-artioli/PointStream/blob/bc09184d8707529f924a41d0dccc2b6f20e88d3e/plans/done/BP56-background-encoder-effort.md	a67e0b86e0b6634b84d883834572df4936891c4e	extracted; superseded by area documents	docs/areas/codec.md; historical body via recovery URL	contains status/validity/open-work text; adjudicate before retirement; done directory is NOT proof of completion
plans/done/BP57-acquisition-report.md	data	https://github.com/emanuele-artioli/PointStream/blob/bc09184d8707529f924a41d0dccc2b6f20e88d3e/plans/done/BP57-acquisition-report.md	bce9097a97d8da9e29902504c46b396aab9b0fa1	extracted; superseded by area documents	docs/areas/data.md; historical body via recovery URL	done directory is NOT proof of completion
plans/done/BP57-confirmation-acquisition-pilot.md	data	https://github.com/emanuele-artioli/PointStream/blob/bc09184d8707529f924a41d0dccc2b6f20e88d3e/plans/done/BP57-confirmation-acquisition-pilot.md	815c7da9bcdd47ce426eac10adbc2d8b50765046	extracted; superseded by area documents	docs/areas/data.md; historical body via recovery URL	done directory is NOT proof of completion
plans/done/BP6-related-work.md	paper	https://github.com/emanuele-artioli/PointStream/blob/bc09184d8707529f924a41d0dccc2b6f20e88d3e/plans/done/BP6-related-work.md	c4d7cca7d8d5c2cf4760f81939c279df7123bb52	extracted; superseded by area documents	docs/areas/paper.md	done directory is NOT proof of completion
plans/done/BP7-merge-and-align.md	infrastructure	https://github.com/emanuele-artioli/PointStream/blob/bc09184d8707529f924a41d0dccc2b6f20e88d3e/plans/done/BP7-merge-and-align.md	72af6f68afe109e4ddc57e1ce77a5454bdaccaf8	extracted; superseded by area documents	docs/areas/infrastructure.md; historical body via recovery URL	done directory is NOT proof of completion
plans/done/BP8-appearance-conditioning.md	generation	https://github.com/emanuele-artioli/PointStream/blob/bc09184d8707529f924a41d0dccc2b6f20e88d3e/plans/done/BP8-appearance-conditioning.md	fbdcc2a9e1d4f77390f42ce0995d8bdf1138b62b	extracted; superseded by area documents	docs/areas/generation.md; historical body via recovery URL	contains status/validity/open-work text; adjudicate before retirement; done directory is NOT proof of completion
plans/done/BP9-probe-harness.md	generation	https://github.com/emanuele-artioli/PointStream/blob/bc09184d8707529f924a41d0dccc2b6f20e88d3e/plans/done/BP9-probe-harness.md	4075bf5e76f8e3391b48e1749ade37c53ba162fb	extracted; superseded by area documents	docs/areas/generation.md; historical body via recovery URL	done directory is NOT proof of completion
plans/done/C1-reconstruction-residual.md	codec	https://github.com/emanuele-artioli/PointStream/blob/bc09184d8707529f924a41d0dccc2b6f20e88d3e/plans/done/C1-reconstruction-residual.md	60d5bdf817cad1de89b747acc2dcccfec9e78226	extracted; superseded by area documents	docs/areas/codec.md; historical body via recovery URL	done directory is NOT proof of completion
plans/done/C2-encoder-pipeline.md	codec	https://github.com/emanuele-artioli/PointStream/blob/bc09184d8707529f924a41d0dccc2b6f20e88d3e/plans/done/C2-encoder-pipeline.md	220254434e4b0ee415774010dc04022e990dec04	extracted; superseded by area documents	docs/areas/codec.md; historical body via recovery URL	done directory is NOT proof of completion
plans/done/C3-runner.md	codec	https://github.com/emanuele-artioli/PointStream/blob/bc09184d8707529f924a41d0dccc2b6f20e88d3e/plans/done/C3-runner.md	7a1c4d8e6f38792ce59c89319a49b7bfe2b9c294	extracted; superseded by area documents	docs/areas/codec.md; historical body via recovery URL	done directory is NOT proof of completion
plans/done/D-cleanups.md	infrastructure	https://github.com/emanuele-artioli/PointStream/blob/bc09184d8707529f924a41d0dccc2b6f20e88d3e/plans/done/D-cleanups.md	796a3032516d021fa3cdca06e8df8952ff851c82	extracted; superseded by area documents	docs/areas/infrastructure.md; historical body via recovery URL	done directory is NOT proof of completion
plans/done/D-paper-handoff-antigravity.md	paper	https://github.com/emanuele-artioli/PointStream/blob/bc09184d8707529f924a41d0dccc2b6f20e88d3e/plans/done/D-paper-handoff-antigravity.md	023a48fb298cd318a143516c24b0c17b411a7ae1	extracted; superseded by area documents	docs/areas/paper.md; historical body via recovery URL	contains status/validity/open-work text; adjudicate before retirement; done directory is NOT proof of completion
plans/done/FORK-bp31.md	infrastructure	https://github.com/emanuele-artioli/PointStream/blob/bc09184d8707529f924a41d0dccc2b6f20e88d3e/plans/done/FORK-bp31.md	90b98b03a377d9ead9ce0290566216b5dcc830c1	extracted; superseded by area documents	docs/areas/infrastructure.md; historical body via recovery URL	done directory is NOT proof of completion
plans/done/HANDOFF-BP51-confirmation-split.md	data	https://github.com/emanuele-artioli/PointStream/blob/bc09184d8707529f924a41d0dccc2b6f20e88d3e/plans/done/HANDOFF-BP51-confirmation-split.md	3734dc7c44bd6095ace2f0cebd8dd036165ec46f	extracted; superseded by area documents	docs/areas/data.md; historical body via recovery URL	done directory is NOT proof of completion
plans/done/HANDOFF-BP52-background-crf-search.md	evaluation	https://github.com/emanuele-artioli/PointStream/blob/bc09184d8707529f924a41d0dccc2b6f20e88d3e/plans/done/HANDOFF-BP52-background-crf-search.md	169a73cd91a3770a38aec8e2bc55d38a8688c345	extracted; superseded by area documents	docs/areas/evaluation.md; historical body via recovery URL	done directory is NOT proof of completion
plans/done/HANDOFF-BP53-BP54.md	multiple	https://github.com/emanuele-artioli/PointStream/blob/bc09184d8707529f924a41d0dccc2b6f20e88d3e/plans/done/HANDOFF-BP53-BP54.md	c94ae7ad7c14ef3195e879ef62ac13bcccd88949	extracted; superseded by area documents	owning area docs for each delivered/open item + findings index; full history via recovery URL	done directory is NOT proof of completion
plans/done/P1-paper-catchup.md	paper	https://github.com/emanuele-artioli/PointStream/blob/bc09184d8707529f924a41d0dccc2b6f20e88d3e/plans/done/P1-paper-catchup.md	f57969a71dce511578f9ff7eb8123bfde562f6ff	extracted; superseded by area documents	docs/areas/paper.md; historical body via recovery URL	done directory is NOT proof of completion
plans/done/README.md	infrastructure	https://github.com/emanuele-artioli/PointStream/blob/bc09184d8707529f924a41d0dccc2b6f20e88d3e/plans/done/README.md	090bd3e81c3b5736486bae7b467c1442005c1ac7	extracted; superseded by area documents	docs/areas/infrastructure.md; historical body via recovery URL	contains status/validity/open-work text; adjudicate before retirement; done directory is NOT proof of completion
plans/done/RESEARCH-HISTORY.md	all	https://github.com/emanuele-artioli/PointStream/blob/bc09184d8707529f924a41d0dccc2b6f20e88d3e/plans/done/RESEARCH-HISTORY.md	5407152a206a202206f7f86acfa0f69f44dae86f	extracted; superseded by area documents	all area docs (sections 3-8 included) + findings index; full historical body via recovery URL	contains status/validity/open-work text; adjudicate before retirement; done directory is NOT proof of completion
plans/done/WAVE-2026-08-24.md	multiple	https://github.com/emanuele-artioli/PointStream/blob/bc09184d8707529f924a41d0dccc2b6f20e88d3e/plans/done/WAVE-2026-08-24.md	a44b3c4db4f33222bd108cd425994f6c5e80131a	extracted; superseded by area documents	owning area docs for each delivered/open item + findings index; full history via recovery URL	contains status/validity/open-work text; adjudicate before retirement; done directory is NOT proof of completion
plans/done/WAVE-2026-08-25.md	multiple	https://github.com/emanuele-artioli/PointStream/blob/bc09184d8707529f924a41d0dccc2b6f20e88d3e/plans/done/WAVE-2026-08-25.md	7f5ebfd0f3a7ae184ef27f34b2bae05aed236012	extracted; superseded by area documents	owning area docs for each delivered/open item + findings index; full history via recovery URL	contains status/validity/open-work text; adjudicate before retirement; done directory is NOT proof of completion
plans/done/WAVE-2026-08-26.md	multiple	https://github.com/emanuele-artioli/PointStream/blob/bc09184d8707529f924a41d0dccc2b6f20e88d3e/plans/done/WAVE-2026-08-26.md	4027bf0e98891246e89187cd6f9566be037e7e5d	extracted; superseded by area documents	owning area docs for each delivered/open item + findings index; full history via recovery URL	contains status/validity/open-work text; adjudicate before retirement; done directory is NOT proof of completion
plans/done/wave3-report.md	multiple	https://github.com/emanuele-artioli/PointStream/blob/bc09184d8707529f924a41d0dccc2b6f20e88d3e/plans/done/wave3-report.md	a046d2c754d07d83f972c058119a5fa3215a0291	extracted; superseded by area documents	owning area docs for each delivered/open item + findings index; full history via recovery URL	done directory is NOT proof of completion
plans/done/wave5-antigravity-report.md	multiple	https://github.com/emanuele-artioli/PointStream/blob/bc09184d8707529f924a41d0dccc2b6f20e88d3e/plans/done/wave5-antigravity-report.md	eab36ab0de7a28541355e703db3683c1d0966005	extracted; superseded by area documents	owning area docs for each delivered/open item + findings index; full history via recovery URL	contains status/validity/open-work text; adjudicate before retirement; done directory is NOT proof of completion
plans/done/wave5-cursor-report.md	multiple	https://github.com/emanuele-artioli/PointStream/blob/bc09184d8707529f924a41d0dccc2b6f20e88d3e/plans/done/wave5-cursor-report.md	7d9aa987abb335267509f0d237234ce89b3dd40c	extracted; superseded by area documents	owning area docs for each delivered/open item + findings index; full history via recovery URL	contains status/validity/open-work text; adjudicate before retirement; done directory is NOT proof of completion
plans/done/wave5-report.md	multiple	https://github.com/emanuele-artioli/PointStream/blob/bc09184d8707529f924a41d0dccc2b6f20e88d3e/plans/done/wave5-report.md	922ebdf77a2c0098850787299e74c5ac32be8a1b	extracted; superseded by area documents	owning area docs for each delivered/open item + findings index; full history via recovery URL	contains status/validity/open-work text; adjudicate before retirement; done directory is NOT proof of completion
plans/DOCUMENTATION-OVERHAUL.md	infrastructure	https://github.com/emanuele-artioli/PointStream/blob/91e2077b501723ad108d7cb21afa03e3d9ee0cb8/plans/DOCUMENTATION-OVERHAUL.md	91e2077b50	implemented; superseded by docs/ overhaul	docs/ areas and history	PR #73 migration brief
